link,avg price
https://tabelog.com/en/kyoto/A2601/A260101/26038972/,12499.5
https://tabelog.com/en/kyoto/A2601/A260301/26039518/,8999.5
https://tabelog.com/en/kyoto/A2601/A260201/26002583/,5499.5
https://tabelog.com/en/kyoto/A2601/A260202/26006733/,17499.5
https://tabelog.com/en/kyoto/A2601/A260201/26040329/,8999.5
https://tabelog.com/en/kyoto/A2601/A260304/26042130/,12499.5
https://tabelog.com/en/kyoto/A2601/A260301/26002441/,12499.5
https://tabelog.com/en/kyoto/A2601/A260101/26031208/,8999.5
https://tabelog.com/en/kyoto/A2601/A260202/26024174/,6999.5
https://tabelog.com/en/kyoto/A2601/A260301/26041409/,12499.5
https://tabelog.com/en/kyoto/A2601/A260202/26002130/,8999.5
https://tabelog.com/en/kyoto/A2601/A260301/26002059/,8999.5
https://tabelog.com/en/kyoto/A2601/A260301/26039228/,24999.5
https://tabelog.com/en/kyoto/A2601/A260202/26004842/,8999.5
https://tabelog.com/en/kyoto/A2601/A260101/26039689/,12499.5
https://tabelog.com/en/kyoto/A2601/A260201/26039792/,2499.5
https://tabelog.com/en/kyoto/A2601/A260202/26020754/,6999.5
https://tabelog.com/en/kyoto/A2601/A260301/26036119/,12499.5
https://tabelog.com/en/kyoto/A2601/A260301/26001379/,12499.5
https://tabelog.com/en/kyoto/A2601/A260202/26030697/,24999.5
https://tabelog.com/en/kyoto/A2601/A260301/26041466/,12499.5
https://tabelog.com/en/kyoto/A2601/A260301/26003500/,4499.5
https://tabelog.com/en/kyoto/A2601/A260301/26040469/,3499.5
https://tabelog.com/en/kyoto/A2601/A260201/26037826/,12499.5
https://tabelog.com/en/kyoto/A2601/A260301/26013607/,12499.5
https://tabelog.com/en/kyoto/A2601/A260301/26030521/,2499.5
https://tabelog.com/en/kyoto/A2601/A260201/26034508/,5499.5
https://tabelog.com/en/kyoto/A2601/A260202/26020065/,8999.5
https://tabelog.com/en/kyoto/A2601/A260604/26002401/,5499.5
https://tabelog.com/en/kyoto/A2601/A260202/26002088/,6999.5
https://tabelog.com/en/kyoto/A2601/A260301/26001833/,5499.5
https://tabelog.com/en/kyoto/A2601/A260301/26009394/,34999.5
https://tabelog.com/en/kyoto/A2601/A260301/26037084/,5499.5
https://tabelog.com/en/kyoto/A2601/A260301/26036578/,34999.5
https://tabelog.com/en/kyoto/A2601/A260301/26001963/,8999.5
https://tabelog.com/en/kyoto/A2601/A260101/26041666/,3499.5
https://tabelog.com/en/kyoto/A2601/A260301/26016900/,6999.5
https://tabelog.com/en/kyoto/A2601/A260301/26001441/,5499.5
https://tabelog.com/en/kyoto/A2601/A260201/26041985/,3499.5
https://tabelog.com/en/kyoto/A2601/A260201/26036216/,3499.5
https://tabelog.com/en/kyoto/A2601/A260201/26029233/,4499.5
https://tabelog.com/en/kyoto/A2601/A260202/26001889/,12499.5
https://tabelog.com/en/kyoto/A2601/A260101/26038128/,3499.5
https://tabelog.com/en/kyoto/A2601/A260202/26036634/,8999.5
https://tabelog.com/en/kyoto/A2601/A260301/26023389/,8999.5
https://tabelog.com/en/kyoto/A2601/A260301/26002743/,5499.5
https://tabelog.com/en/kyoto/A2601/A260101/26036592/,4499.5
https://tabelog.com/en/kyoto/A2601/A260301/26040071/,8999.5
https://tabelog.com/en/kyoto/A2601/A260201/26037431/,3499.5
https://tabelog.com/en/kyoto/A2601/A260301/26022647/,6999.5
https://tabelog.com/en/kyoto/A2601/A260203/26001469/,12499.5
https://tabelog.com/en/kyoto/A2601/A260101/26024935/,3499.5
https://tabelog.com/en/kyoto/A2601/A260301/26006494/,24999.5
https://tabelog.com/en/kyoto/A2601/A260101/26006121/,8999.5
https://tabelog.com/en/kyoto/A2601/A260101/26035349/,24999.5
https://tabelog.com/en/kyoto/A2601/A260101/26041195/,4499.5
https://tabelog.com/en/kyoto/A2601/A260202/26033471/,6999.5
https://tabelog.com/en/kyoto/A2601/A260201/26006073/,17499.5
https://tabelog.com/en/kyoto/A2601/A260202/26000659/,24999.5
https://tabelog.com/en/kyoto/A2601/A260101/26036172/,5499.5
https://tabelog.com/en/kyoto/A2601/A260101/26000784/,6999.5
https://tabelog.com/en/kyoto/A2601/A260401/26023451/,8999.5
https://tabelog.com/en/kyoto/A2601/A260301/26036138/,6999.5
https://tabelog.com/en/kyoto/A2601/A260301/26034036/,12499.5
https://tabelog.com/en/kyoto/A2601/A260501/26038342/,17499.5
https://tabelog.com/en/kyoto/A2601/A260301/26032801/,6999.5
https://tabelog.com/en/kyoto/A2601/A260302/26002638/,3499.5
https://tabelog.com/en/kyoto/A2601/A260301/26003135/,6999.5
https://tabelog.com/en/kyoto/A2601/A260201/26006163/,5499.5
https://tabelog.com/en/kyoto/A2601/A260202/26001495/,17499.5
https://tabelog.com/en/kyoto/A2601/A260101/26017739/,12499.5
https://tabelog.com/en/kyoto/A2601/A260101/26038652/,3499.5
https://tabelog.com/en/kyoto/A2601/A260101/26025629/,4499.5
https://tabelog.com/en/kyoto/A2601/A260202/26040878/,4499.5
https://tabelog.com/en/kyoto/A2601/A260201/26025288/,3499.5
https://tabelog.com/en/kyoto/A2601/A260501/26040795/,4499.5
https://tabelog.com/en/kyoto/A2601/A260301/26001422/,6999.5
https://tabelog.com/en/kyoto/A2601/A260101/26038857/,4499.5
https://tabelog.com/en/kyoto/A2601/A260301/26041979/,12499.5
https://tabelog.com/en/kyoto/A2601/A260201/26040377/,2499.5
https://tabelog.com/en/kyoto/A2601/A260201/26034775/,8999.5
https://tabelog.com/en/kyoto/A2601/A260201/26033518/,5499.5
https://tabelog.com/en/kyoto/A2601/A260201/26027041/,4499.5
https://tabelog.com/en/kyoto/A2601/A260201/26038044/,4499.5
https://tabelog.com/en/kyoto/A2601/A260201/26040365/,6999.5
https://tabelog.com/en/kyoto/A2601/A260301/26040419/,12499.5
https://tabelog.com/en/kyoto/A2601/A260301/26040420/,8999.5
https://tabelog.com/en/kyoto/A2601/A260101/26041413/,3499.5
https://tabelog.com/en/kyoto/A2601/A260201/26019479/,4499.5
https://tabelog.com/en/kyoto/A2601/A260301/26041488/,5499.5
https://tabelog.com/en/kyoto/A2601/A260202/26040165/,4499.5
https://tabelog.com/en/kyoto/A2601/A260301/26024703/,5499.5
https://tabelog.com/en/kyoto/A2601/A260604/26011649/,1499.5
https://tabelog.com/en/kyoto/A2601/A260202/26037096/,5499.5
https://tabelog.com/en/kyoto/A2601/A260101/26029264/,3499.5
https://tabelog.com/en/kyoto/A2601/A260301/26041411/,8999.5
https://tabelog.com/en/kyoto/A2601/A260301/26007250/,24999.5
https://tabelog.com/en/kyoto/A2601/A260201/26039770/,4499.5
https://tabelog.com/en/kyoto/A2601/A260201/26025890/,2499.5
https://tabelog.com/en/kyoto/A2601/A260201/26020006/,3499.5
https://tabelog.com/en/kyoto/A2601/A260301/26041777/,2499.5
https://tabelog.com/en/kyoto/A2601/A260401/26003335/,3499.5
https://tabelog.com/en/kyoto/A2601/A260202/26038603/,3499.5
https://tabelog.com/en/kyoto/A2601/A260201/26038801/,4499.5
https://tabelog.com/en/kyoto/A2601/A260201/26042170/,5499.5
https://tabelog.com/en/kyoto/A2601/A260203/26024455/,4499.5
https://tabelog.com/en/kyoto/A2601/A260301/26042226/,5499.5
https://tabelog.com/en/kyoto/A2601/A260301/26040681/,17499.5
https://tabelog.com/en/kyoto/A2601/A260301/26001187/,3499.5
https://tabelog.com/en/kyoto/A2601/A260101/26025477/,8999.5
https://tabelog.com/en/kyoto/A2607/A260702/26020811/,1499.5
https://tabelog.com/en/kyoto/A2601/A260101/26031679/,3499.5
https://tabelog.com/en/kyoto/A2601/A260301/26016449/,5499.5
https://tabelog.com/en/kyoto/A2601/A260101/26041968/,4499.5
https://tabelog.com/en/kyoto/A2601/A260201/26041499/,6999.5
https://tabelog.com/en/kyoto/A2601/A260203/26023889/,5499.5
https://tabelog.com/en/kyoto/A2601/A260302/26026321/,3499.5
https://tabelog.com/en/kyoto/A2601/A260202/26035086/,5499.5
https://tabelog.com/en/kyoto/A2601/A260401/26001442/,6999.5
https://tabelog.com/en/kyoto/A2601/A260201/26035463/,4499.5
https://tabelog.com/en/kyoto/A2601/A260201/26041229/,1499.5
https://tabelog.com/en/kyoto/A2601/A260201/26041893/,5499.5
https://tabelog.com/en/kyoto/A2601/A260201/26024076/,3499.5
https://tabelog.com/en/kyoto/A2601/A260101/26000882/,12499.5
https://tabelog.com/en/kyoto/A2601/A260201/26037000/,4499.5
https://tabelog.com/en/kyoto/A2601/A260101/26017013/,2499.5
https://tabelog.com/en/kyoto/A2601/A260201/26022036/,4499.5
https://tabelog.com/en/kyoto/A2601/A260201/26004590/,4499.5
https://tabelog.com/en/kyoto/A2601/A260401/26017285/,3499.5
https://tabelog.com/en/kyoto/A2601/A260202/26035630/,2499.5
https://tabelog.com/en/kyoto/A2601/A260201/26037613/,6999.5
https://tabelog.com/en/kyoto/A2601/A260301/26032604/,3499.5
https://tabelog.com/en/kyoto/A2601/A260601/26003451/,17499.5
https://tabelog.com/en/kyoto/A2601/A260201/26027706/,3499.5
https://tabelog.com/en/kyoto/A2601/A260201/26040680/,4499.5
https://tabelog.com/en/kyoto/A2601/A260101/26016846/,6999.5
https://tabelog.com/en/kyoto/A2601/A260203/26027964/,4499.5
https://tabelog.com/en/kyoto/A2601/A260201/26004122/,5499.5
https://tabelog.com/en/kyoto/A2601/A260301/26036304/,17499.5
https://tabelog.com/en/kyoto/A2601/A260201/26042586/,
https://tabelog.com/en/kyoto/A2601/A260201/26042169/,3499.5
https://tabelog.com/en/kyoto/A2601/A260301/26007263/,5499.5
https://tabelog.com/en/kyoto/A2601/A260401/26028652/,4499.5
https://tabelog.com/en/kyoto/A2601/A260301/26041424/,24999.5
https://tabelog.com/en/kyoto/A2601/A260201/26041448/,3499.5
https://tabelog.com/en/kyoto/A2601/A260201/26031987/,6999.5
https://tabelog.com/en/kyoto/A2601/A260601/26036861/,5499.5
https://tabelog.com/en/kyoto/A2601/A260101/26041700/,12499.5
https://tabelog.com/en/kyoto/A2601/A260101/26000869/,6999.5
https://tabelog.com/en/kyoto/A2607/A260701/26017864/,1499.5
https://tabelog.com/en/kyoto/A2601/A260201/26033368/,3499.5
https://tabelog.com/en/kyoto/A2601/A260201/26040675/,4499.5
https://tabelog.com/en/kyoto/A2601/A260603/26035363/,2499.5
https://tabelog.com/en/kyoto/A2601/A260301/26028346/,17499.5
https://tabelog.com/en/kyoto/A2601/A260202/26007183/,3499.5
https://tabelog.com/en/kyoto/A2601/A260201/26041406/,3499.5
https://tabelog.com/en/kyoto/A2601/A260101/26039467/,17499.5
https://tabelog.com/en/kyoto/A2601/A260601/26030263/,3499.5
https://tabelog.com/en/kyoto/A2601/A260202/26041843/,12499.5
https://tabelog.com/en/kyoto/A2601/A260401/26001443/,5499.5
https://tabelog.com/en/kyoto/A2601/A260301/26036035/,17499.5
https://tabelog.com/en/kyoto/A2601/A260302/26031516/,4499.5
https://tabelog.com/en/kyoto/A2601/A260201/26032291/,8999.5
https://tabelog.com/en/kyoto/A2601/A260401/26030620/,4499.5
https://tabelog.com/en/kyoto/A2601/A260201/26035568/,4499.5
https://tabelog.com/en/kyoto/A2601/A260203/26002935/,3499.5
https://tabelog.com/en/kyoto/A2601/A260201/26026731/,3499.5
https://tabelog.com/en/kyoto/A2601/A260201/26038085/,3499.5
https://tabelog.com/en/kyoto/A2601/A260301/26041311/,17499.5
https://tabelog.com/en/kyoto/A2601/A260503/26000619/,8999.5
https://tabelog.com/en/kyoto/A2601/A260201/26041407/,3499.5
https://tabelog.com/en/kyoto/A2601/A260101/26033908/,4499.5
https://tabelog.com/en/kyoto/A2601/A260101/26040857/,8999.5
https://tabelog.com/en/kyoto/A2601/A260301/26041771/,4499.5
https://tabelog.com/en/kyoto/A2601/A260201/26021711/,3499.5
https://tabelog.com/en/kyoto/A2601/A260203/26034967/,6999.5
https://tabelog.com/en/kyoto/A2601/A260403/26010803/,2499.5
https://tabelog.com/en/kyoto/A2601/A260201/26033811/,8999.5
https://tabelog.com/en/kyoto/A2601/A260301/26039016/,5499.5
https://tabelog.com/en/kyoto/A2601/A260202/26041109/,17499.5
https://tabelog.com/en/kyoto/A2601/A260201/26030403/,5499.5
https://tabelog.com/en/kyoto/A2601/A260301/26033378/,8999.5
https://tabelog.com/en/kyoto/A2601/A260201/26041637/,3499.5
https://tabelog.com/en/kyoto/A2601/A260301/26019053/,5499.5
https://tabelog.com/en/kyoto/A2601/A260201/26039602/,3499.5
https://tabelog.com/en/kyoto/A2601/A260201/26041037/,2499.5
https://tabelog.com/en/kyoto/A2601/A260201/26037032/,8999.5
https://tabelog.com/en/kyoto/A2601/A260101/26031801/,8999.5
https://tabelog.com/en/kyoto/A2601/A260201/26018057/,3499.5
https://tabelog.com/en/kyoto/A2601/A260401/26041933/,5499.5
https://tabelog.com/en/kyoto/A2601/A260503/26022937/,3499.5
https://tabelog.com/en/kyoto/A2601/A260301/26038720/,4499.5
https://tabelog.com/en/kyoto/A2601/A260201/26002738/,6999.5
https://tabelog.com/en/kyoto/A2601/A260202/26026212/,3499.5
https://tabelog.com/en/kyoto/A2601/A260202/26004084/,2499.5
https://tabelog.com/en/kyoto/A2601/A260201/26027397/,5499.5
https://tabelog.com/en/kyoto/A2601/A260101/26002874/,5499.5
https://tabelog.com/en/kyoto/A2601/A260201/26041348/,4499.5
https://tabelog.com/en/kyoto/A2601/A260301/26000743/,3499.5
https://tabelog.com/en/kyoto/A2601/A260201/26028193/,17499.5
https://tabelog.com/en/kyoto/A2601/A260101/26006664/,3499.5
https://tabelog.com/en/kyoto/A2601/A260203/26029439/,4499.5
https://tabelog.com/en/kyoto/A2601/A260201/26004071/,2499.5
https://tabelog.com/en/kyoto/A2601/A260202/26040783/,3499.5
https://tabelog.com/en/kyoto/A2601/A260401/26016011/,5499.5
https://tabelog.com/en/kyoto/A2609/A260902/26008298/,3499.5
https://tabelog.com/en/kyoto/A2601/A260201/26000078/,3499.5
https://tabelog.com/en/kyoto/A2601/A260202/26004367/,3499.5
https://tabelog.com/en/kyoto/A2601/A260202/26038233/,4499.5
https://tabelog.com/en/kyoto/A2601/A260201/26024556/,4499.5
https://tabelog.com/en/kyoto/A2601/A260202/26031396/,5499.5
https://tabelog.com/en/kyoto/A2601/A260601/26042000/,12499.5
https://tabelog.com/en/kyoto/A2601/A260201/26036854/,4499.5
https://tabelog.com/en/kyoto/A2601/A260201/26006117/,4499.5
https://tabelog.com/en/kyoto/A2601/A260101/26040632/,6999.5
https://tabelog.com/en/kyoto/A2601/A260203/26041838/,2499.5
https://tabelog.com/en/kyoto/A2601/A260202/26040572/,6999.5
https://tabelog.com/en/kyoto/A2601/A260401/26037495/,3499.5
https://tabelog.com/en/kyoto/A2601/A260202/26016564/,12499.5
https://tabelog.com/en/kyoto/A2601/A260201/26039406/,3499.5
https://tabelog.com/en/kyoto/A2601/A260601/26031960/,2499.5
https://tabelog.com/en/kyoto/A2601/A260301/26026031/,8999.5
https://tabelog.com/en/kyoto/A2601/A260101/26004002/,4499.5
https://tabelog.com/en/kyoto/A2601/A260101/26029974/,8999.5
https://tabelog.com/en/kyoto/A2601/A260203/26004700/,12499.5
https://tabelog.com/en/kyoto/A2601/A260201/26023213/,4499.5
https://tabelog.com/en/kyoto/A2601/A260401/26035618/,3499.5
https://tabelog.com/en/kyoto/A2601/A260301/26041041/,8999.5
https://tabelog.com/en/kyoto/A2601/A260201/26001079/,8999.5
https://tabelog.com/en/kyoto/A2601/A260403/26025347/,
https://tabelog.com/en/kyoto/A2601/A260301/26038827/,12499.5
https://tabelog.com/en/kyoto/A2601/A260203/26038255/,4499.5
https://tabelog.com/en/kyoto/A2601/A260202/26006371/,8999.5
https://tabelog.com/en/kyoto/A2601/A260101/26006548/,4499.5
https://tabelog.com/en/kyoto/A2601/A260201/26035207/,5499.5
https://tabelog.com/en/kyoto/A2601/A260302/26035183/,6999.5
https://tabelog.com/en/kyoto/A2601/A260201/26039751/,4499.5
https://tabelog.com/en/kyoto/A2601/A260201/26042396/,4499.5
https://tabelog.com/en/kyoto/A2601/A260301/26037984/,6999.5
https://tabelog.com/en/kyoto/A2601/A260201/26037225/,6999.5
https://tabelog.com/en/kyoto/A2601/A260101/26000792/,2499.5
https://tabelog.com/en/kyoto/A2601/A260301/26040369/,2499.5
https://tabelog.com/en/kyoto/A2601/A260501/26042305/,
https://tabelog.com/en/kyoto/A2601/A260401/26029685/,3499.5
https://tabelog.com/en/kyoto/A2601/A260201/26040882/,2499.5
https://tabelog.com/en/kyoto/A2601/A260201/26039824/,8999.5
https://tabelog.com/en/kyoto/A2607/A260702/26006587/,3499.5
https://tabelog.com/en/kyoto/A2601/A260201/26013556/,3499.5
https://tabelog.com/en/kyoto/A2601/A260603/26006253/,5499.5
https://tabelog.com/en/kyoto/A2601/A260301/26032413/,8999.5
https://tabelog.com/en/kyoto/A2601/A260201/26040668/,2499.5
https://tabelog.com/en/kyoto/A2601/A260201/26039267/,3499.5
https://tabelog.com/en/kyoto/A2601/A260202/26036071/,17499.5
https://tabelog.com/en/kyoto/A2601/A260201/26019208/,5499.5
https://tabelog.com/en/kyoto/A2601/A260201/26039752/,3499.5
https://tabelog.com/en/kyoto/A2601/A260202/26034656/,2499.5
https://tabelog.com/en/kyoto/A2601/A260101/26028812/,2499.5
https://tabelog.com/en/kyoto/A2601/A260202/26017489/,3499.5
https://tabelog.com/en/kyoto/A2601/A260201/26004942/,3499.5
https://tabelog.com/en/kyoto/A2601/A260301/26000269/,17499.5
https://tabelog.com/en/kyoto/A2607/A260702/26030076/,3499.5
https://tabelog.com/en/kyoto/A2601/A260301/26000582/,5499.5
https://tabelog.com/en/kyoto/A2601/A260101/26041567/,12499.5
https://tabelog.com/en/kyoto/A2601/A260302/26005368/,6999.5
https://tabelog.com/en/kyoto/A2601/A260503/26003669/,4499.5
https://tabelog.com/en/kyoto/A2601/A260503/26040257/,12499.5
https://tabelog.com/en/kyoto/A2601/A260202/26002988/,5499.5
https://tabelog.com/en/kyoto/A2601/A260201/26039120/,5499.5
https://tabelog.com/en/kyoto/A2601/A260201/26031019/,3499.5
https://tabelog.com/en/kyoto/A2601/A260201/26033017/,3499.5
https://tabelog.com/en/kyoto/A2601/A260401/26012710/,3499.5
https://tabelog.com/en/kyoto/A2601/A260302/26032961/,4499.5
https://tabelog.com/en/kyoto/A2601/A260203/26017844/,12499.5
https://tabelog.com/en/kyoto/A2601/A260201/26041696/,4499.5
https://tabelog.com/en/kyoto/A2601/A260202/26029875/,2499.5
https://tabelog.com/en/kyoto/A2601/A260203/26026734/,2499.5
https://tabelog.com/en/kyoto/A2601/A260201/26031115/,3499.5
https://tabelog.com/en/kyoto/A2601/A260301/26027450/,24999.5
https://tabelog.com/en/kyoto/A2601/A260601/26027026/,2499.5
https://tabelog.com/en/kyoto/A2601/A260501/26001518/,6999.5
https://tabelog.com/en/kyoto/A2601/A260201/26041042/,12499.5
https://tabelog.com/en/kyoto/A2601/A260301/26040481/,12499.5
https://tabelog.com/en/kyoto/A2601/A260301/26029496/,6999.5
https://tabelog.com/en/kyoto/A2601/A260301/26031884/,4499.5
https://tabelog.com/en/kyoto/A2601/A260301/26039917/,4499.5
https://tabelog.com/en/kyoto/A2601/A260202/26033333/,4499.5
https://tabelog.com/en/kyoto/A2601/A260502/26000769/,12499.5
https://tabelog.com/en/kyoto/A2601/A260301/26039327/,5499.5
https://tabelog.com/en/kyoto/A2601/A260201/26029453/,2499.5
https://tabelog.com/en/kyoto/A2601/A260301/26041553/,24999.5
https://tabelog.com/en/kyoto/A2601/A260101/26042306/,5499.5
https://tabelog.com/en/kyoto/A2601/A260201/26003035/,4499.5
https://tabelog.com/en/kyoto/A2601/A260301/26039633/,3499.5
https://tabelog.com/en/kyoto/A2601/A260202/26032229/,4499.5
https://tabelog.com/en/kyoto/A2601/A260201/26039719/,6999.5
https://tabelog.com/en/kyoto/A2601/A260604/26040280/,4499.5
https://tabelog.com/en/kyoto/A2601/A260301/26034606/,6999.5
https://tabelog.com/en/kyoto/A2601/A260202/26013012/,3499.5
https://tabelog.com/en/kyoto/A2601/A260301/26033141/,3499.5
https://tabelog.com/en/kyoto/A2601/A260201/26033399/,5499.5
https://tabelog.com/en/kyoto/A2601/A260203/26034203/,4499.5
https://tabelog.com/en/kyoto/A2601/A260201/26034877/,3499.5
https://tabelog.com/en/kyoto/A2601/A260402/26016798/,3499.5
https://tabelog.com/en/kyoto/A2601/A260201/26003016/,4499.5
https://tabelog.com/en/kyoto/A2601/A260403/26007651/,6999.5
https://tabelog.com/en/kyoto/A2601/A260101/26002257/,5499.5
https://tabelog.com/en/kyoto/A2601/A260301/26037316/,12499.5
https://tabelog.com/en/kyoto/A2601/A260202/26022499/,4499.5
https://tabelog.com/en/kyoto/A2601/A260301/26027616/,4499.5
https://tabelog.com/en/kyoto/A2601/A260201/26001576/,3499.5
https://tabelog.com/en/kyoto/A2601/A260202/26040784/,3499.5
https://tabelog.com/en/kyoto/A2601/A260301/26038940/,3499.5
https://tabelog.com/en/kyoto/A2601/A260201/26019308/,6999.5
https://tabelog.com/en/kyoto/A2601/A260301/26026136/,2499.5
https://tabelog.com/en/kyoto/A2601/A260201/26002320/,3499.5
https://tabelog.com/en/kyoto/A2601/A260201/26035442/,3499.5
https://tabelog.com/en/kyoto/A2601/A260203/26016639/,2499.5
https://tabelog.com/en/kyoto/A2601/A260301/26028988/,5499.5
https://tabelog.com/en/kyoto/A2609/A260902/26015677/,1499.5
https://tabelog.com/en/kyoto/A2601/A260201/26001192/,12499.5
https://tabelog.com/en/kyoto/A2601/A260401/26034705/,3499.5
https://tabelog.com/en/kyoto/A2601/A260201/26022734/,4499.5
https://tabelog.com/en/kyoto/A2601/A260202/26031504/,4499.5
https://tabelog.com/en/kyoto/A2601/A260301/26033192/,12499.5
https://tabelog.com/en/kyoto/A2601/A260302/26004357/,3499.5
https://tabelog.com/en/kyoto/A2601/A260101/26013305/,2499.5
https://tabelog.com/en/kyoto/A2608/A260802/26033344/,4499.5
https://tabelog.com/en/kyoto/A2601/A260401/26021229/,2499.5
https://tabelog.com/en/kyoto/A2601/A260401/26040130/,12499.5
https://tabelog.com/en/kyoto/A2601/A260101/26041574/,3499.5
https://tabelog.com/en/kyoto/A2601/A260201/26025931/,4499.5
https://tabelog.com/en/kyoto/A2601/A260301/26000850/,12499.5
https://tabelog.com/en/kyoto/A2601/A260301/26040042/,12499.5
https://tabelog.com/en/kyoto/A2601/A260201/26023262/,8999.5
https://tabelog.com/en/kyoto/A2601/A260201/26041590/,5499.5
https://tabelog.com/en/kyoto/A2601/A260101/26041386/,6999.5
https://tabelog.com/en/kyoto/A2601/A260301/26029417/,12499.5
https://tabelog.com/en/kyoto/A2601/A260201/26020270/,5499.5
https://tabelog.com/en/kyoto/A2601/A260101/26006063/,12499.5
https://tabelog.com/en/kyoto/A2601/A260101/26038125/,1499.5
https://tabelog.com/en/kyoto/A2601/A260201/26006433/,4499.5
https://tabelog.com/en/kyoto/A2608/A260801/26035563/,2499.5
https://tabelog.com/en/kyoto/A2607/A260702/26014750/,3499.5
https://tabelog.com/en/kyoto/A2601/A260202/26008013/,3499.5
https://tabelog.com/en/kyoto/A2601/A260201/26039329/,4499.5
https://tabelog.com/en/kyoto/A2601/A260201/26037928/,3499.5
https://tabelog.com/en/kyoto/A2601/A260401/26017258/,5499.5
https://tabelog.com/en/kyoto/A2601/A260201/26025700/,5499.5
https://tabelog.com/en/kyoto/A2601/A260202/26034037/,5499.5
https://tabelog.com/en/kyoto/A2601/A260101/26037464/,6999.5
https://tabelog.com/en/kyoto/A2601/A260202/26037415/,2499.5
https://tabelog.com/en/kyoto/A2601/A260201/26039036/,3499.5
https://tabelog.com/en/kyoto/A2601/A260201/26023479/,2499.5
https://tabelog.com/en/kyoto/A2601/A260101/26038202/,3499.5
https://tabelog.com/en/kyoto/A2601/A260301/26037582/,12499.5
https://tabelog.com/en/kyoto/A2601/A260301/26040281/,6999.5
https://tabelog.com/en/kyoto/A2601/A260401/26018066/,4499.5
https://tabelog.com/en/kyoto/A2601/A260201/26013633/,3499.5
https://tabelog.com/en/kyoto/A2601/A260202/26006651/,3499.5
https://tabelog.com/en/kyoto/A2601/A260201/26017694/,2499.5
https://tabelog.com/en/kyoto/A2601/A260301/26042157/,12499.5
https://tabelog.com/en/kyoto/A2601/A260101/26041511/,2499.5
https://tabelog.com/en/kyoto/A2601/A260301/26000633/,2499.5
https://tabelog.com/en/kyoto/A2601/A260101/26040089/,2499.5
https://tabelog.com/en/kyoto/A2601/A260202/26023252/,6999.5
https://tabelog.com/en/kyoto/A2601/A260301/26042442/,3499.5
https://tabelog.com/en/kyoto/A2601/A260201/26037215/,4499.5
https://tabelog.com/en/kyoto/A2601/A260401/26042272/,4499.5
https://tabelog.com/en/kyoto/A2601/A260201/26029065/,2499.5
https://tabelog.com/en/kyoto/A2601/A260601/26030425/,2499.5
https://tabelog.com/en/kyoto/A2601/A260101/26027640/,12499.5
https://tabelog.com/en/kyoto/A2601/A260301/26003950/,3499.5
https://tabelog.com/en/kyoto/A2601/A260401/26035357/,2499.5
https://tabelog.com/en/kyoto/A2601/A260202/26038312/,3499.5
https://tabelog.com/en/kyoto/A2601/A260101/26037635/,
https://tabelog.com/en/kyoto/A2601/A260202/26039425/,4499.5
https://tabelog.com/en/kyoto/A2601/A260201/26039727/,5499.5
https://tabelog.com/en/kyoto/A2601/A260201/26031384/,4499.5
https://tabelog.com/en/kyoto/A2601/A260201/26029491/,17499.5
https://tabelog.com/en/kyoto/A2601/A260201/26004453/,4499.5
https://tabelog.com/en/kyoto/A2601/A260203/26037038/,3499.5
https://tabelog.com/en/kyoto/A2601/A260101/26024067/,3499.5
https://tabelog.com/en/kyoto/A2601/A260201/26029623/,3499.5
https://tabelog.com/en/kyoto/A2601/A260201/26037211/,2499.5
https://tabelog.com/en/kyoto/A2601/A260301/26040388/,2499.5
https://tabelog.com/en/kyoto/A2601/A260101/26037350/,3499.5
https://tabelog.com/en/kyoto/A2601/A260202/26001931/,3499.5
https://tabelog.com/en/kyoto/A2601/A260301/26002148/,2499.5
https://tabelog.com/en/kyoto/A2601/A260301/26018705/,17499.5
https://tabelog.com/en/kyoto/A2601/A260201/26039075/,2499.5
https://tabelog.com/en/kyoto/A2601/A260301/26041020/,4499.5
https://tabelog.com/en/kyoto/A2601/A260201/26041472/,3499.5
https://tabelog.com/en/kyoto/A2601/A260101/26000990/,3499.5
https://tabelog.com/en/kyoto/A2601/A260201/26041316/,3499.5
https://tabelog.com/en/kyoto/A2601/A260203/26035646/,3499.5
https://tabelog.com/en/kyoto/A2601/A260202/26042019/,8999.5
https://tabelog.com/en/kyoto/A2601/A260203/26041548/,3499.5
https://tabelog.com/en/kyoto/A2601/A260201/26039935/,2499.5
https://tabelog.com/en/kyoto/A2601/A260201/26034922/,3499.5
https://tabelog.com/en/kyoto/A2601/A260101/26042617/,2499.5
https://tabelog.com/en/kyoto/A2601/A260302/26040793/,3499.5
https://tabelog.com/en/kyoto/A2601/A260301/26026513/,8999.5
https://tabelog.com/en/kyoto/A2601/A260201/26032611/,3499.5
https://tabelog.com/en/kyoto/A2601/A260201/26031543/,3499.5
https://tabelog.com/en/kyoto/A2601/A260201/26039443/,6999.5
https://tabelog.com/en/kyoto/A2601/A260101/26034582/,3499.5
https://tabelog.com/en/kyoto/A2601/A260101/26024844/,5499.5
https://tabelog.com/en/kyoto/A2601/A260301/26029331/,6999.5
https://tabelog.com/en/kyoto/A2601/A260603/26029352/,4499.5
https://tabelog.com/en/kyoto/A2601/A260301/26040960/,17499.5
https://tabelog.com/en/kyoto/A2601/A260401/26002866/,5499.5
https://tabelog.com/en/kyoto/A2601/A260202/26014952/,4499.5
https://tabelog.com/en/kyoto/A2601/A260301/26041937/,4499.5
https://tabelog.com/en/kyoto/A2601/A260301/26039106/,2499.5
https://tabelog.com/en/kyoto/A2601/A260203/26002402/,5499.5
https://tabelog.com/en/kyoto/A2601/A260302/26005078/,6999.5
https://tabelog.com/en/kyoto/A2601/A260501/26041132/,
https://tabelog.com/en/kyoto/A2601/A260101/26041093/,5499.5
https://tabelog.com/en/kyoto/A2601/A260201/26025332/,4499.5
https://tabelog.com/en/kyoto/A2601/A260501/26041193/,4499.5
https://tabelog.com/en/kyoto/A2601/A260101/26023755/,3499.5
https://tabelog.com/en/kyoto/A2601/A260101/26035757/,17499.5
https://tabelog.com/en/kyoto/A2601/A260401/26019801/,3499.5
https://tabelog.com/en/kyoto/A2601/A260202/26016935/,4499.5
https://tabelog.com/en/kyoto/A2601/A260201/26039945/,4499.5
https://tabelog.com/en/kyoto/A2601/A260301/26032233/,5499.5
https://tabelog.com/en/kyoto/A2601/A260201/26024504/,3499.5
https://tabelog.com/en/kyoto/A2601/A260601/26013631/,6999.5
https://tabelog.com/en/kyoto/A2601/A260302/26006149/,3499.5
https://tabelog.com/en/kyoto/A2601/A260201/26031586/,17499.5
https://tabelog.com/en/kyoto/A2601/A260202/26040544/,3499.5
https://tabelog.com/en/kyoto/A2601/A260401/26016701/,2499.5
https://tabelog.com/en/kyoto/A2601/A260603/26040421/,3499.5
https://tabelog.com/en/kyoto/A2601/A260201/26030537/,6999.5
https://tabelog.com/en/kyoto/A2601/A260201/26000898/,5499.5
https://tabelog.com/en/kyoto/A2601/A260503/26030101/,12499.5
https://tabelog.com/en/kyoto/A2601/A260302/26034608/,1499.5
https://tabelog.com/en/kyoto/A2601/A260202/26041785/,6999.5
https://tabelog.com/en/kyoto/A2601/A260202/26005684/,12499.5
https://tabelog.com/en/kyoto/A2601/A260201/26042566/,4499.5
https://tabelog.com/en/kyoto/A2601/A260202/26000929/,3499.5
https://tabelog.com/en/kyoto/A2601/A260301/26028432/,24999.5
https://tabelog.com/en/kyoto/A2601/A260201/26037317/,2499.5
https://tabelog.com/en/kyoto/A2601/A260301/26041690/,4499.5
https://tabelog.com/en/kyoto/A2601/A260202/26025955/,12499.5
https://tabelog.com/en/kyoto/A2601/A260301/26000242/,5499.5
https://tabelog.com/en/kyoto/A2601/A260101/26037952/,3499.5
https://tabelog.com/en/kyoto/A2601/A260501/26031180/,12499.5
https://tabelog.com/en/kyoto/A2601/A260201/26033315/,5499.5
https://tabelog.com/en/kyoto/A2601/A260101/26028830/,3499.5
https://tabelog.com/en/kyoto/A2601/A260302/26025117/,6999.5
https://tabelog.com/en/kyoto/A2601/A260202/26025729/,24999.5
https://tabelog.com/en/kyoto/A2601/A260201/26032602/,8999.5
https://tabelog.com/en/kyoto/A2601/A260203/26002163/,3499.5
https://tabelog.com/en/kyoto/A2601/A260101/26002315/,3499.5
https://tabelog.com/en/kyoto/A2601/A260201/26036360/,3499.5
https://tabelog.com/en/kyoto/A2601/A260301/26004114/,4499.5
https://tabelog.com/en/kyoto/A2601/A260101/26035913/,3499.5
https://tabelog.com/en/kyoto/A2601/A260101/26036850/,4499.5
https://tabelog.com/en/kyoto/A2601/A260101/26028128/,3499.5
https://tabelog.com/en/kyoto/A2601/A260201/26020347/,4499.5
https://tabelog.com/en/kyoto/A2601/A260301/26039077/,24999.5
https://tabelog.com/en/kyoto/A2601/A260201/26038750/,5499.5
https://tabelog.com/en/kyoto/A2601/A260201/26016279/,4499.5
https://tabelog.com/en/kyoto/A2601/A260101/26000879/,5499.5
https://tabelog.com/en/kyoto/A2607/A260702/26035719/,2499.5
https://tabelog.com/en/kyoto/A2601/A260202/26034909/,1499.5
https://tabelog.com/en/kyoto/A2601/A260201/26042556/,3499.5
https://tabelog.com/en/kyoto/A2601/A260201/26014910/,3499.5
https://tabelog.com/en/kyoto/A2601/A260101/26020589/,3499.5
https://tabelog.com/en/kyoto/A2601/A260203/26015624/,5499.5
https://tabelog.com/en/kyoto/A2601/A260202/26006320/,4499.5
https://tabelog.com/en/kyoto/A2601/A260604/26035678/,3499.5
https://tabelog.com/en/kyoto/A2601/A260401/26030558/,4499.5
https://tabelog.com/en/kyoto/A2601/A260202/26013067/,4499.5
https://tabelog.com/en/kyoto/A2601/A260202/26036730/,3499.5
https://tabelog.com/en/kyoto/A2601/A260201/26004096/,3499.5
https://tabelog.com/en/kyoto/A2601/A260101/26022735/,3499.5
https://tabelog.com/en/kyoto/A2601/A260201/26041019/,8999.5
https://tabelog.com/en/kyoto/A2601/A260201/26020740/,4499.5
https://tabelog.com/en/kyoto/A2601/A260201/26031255/,3499.5
https://tabelog.com/en/kyoto/A2601/A260101/26006037/,3499.5
https://tabelog.com/en/kyoto/A2601/A260201/26039065/,4499.5
https://tabelog.com/en/kyoto/A2601/A260301/26006716/,3499.5
https://tabelog.com/en/kyoto/A2601/A260202/26030747/,5499.5
https://tabelog.com/en/kyoto/A2601/A260201/26005274/,3499.5
https://tabelog.com/en/kyoto/A2601/A260101/26041671/,3499.5
https://tabelog.com/en/kyoto/A2601/A260201/26033372/,4499.5
https://tabelog.com/en/kyoto/A2601/A260202/26035328/,17499.5
https://tabelog.com/en/kyoto/A2601/A260402/26027891/,3499.5
https://tabelog.com/en/kyoto/A2601/A260201/26039436/,3499.5
https://tabelog.com/en/kyoto/A2607/A260702/26007965/,3499.5
https://tabelog.com/en/kyoto/A2601/A260301/26040760/,12499.5
https://tabelog.com/en/kyoto/A2601/A260201/26013891/,3499.5
https://tabelog.com/en/kyoto/A2601/A260201/26002646/,6999.5
https://tabelog.com/en/kyoto/A2601/A260201/26030965/,4499.5
https://tabelog.com/en/kyoto/A2607/A260705/26038632/,4499.5
https://tabelog.com/en/kyoto/A2601/A260202/26023015/,3499.5
https://tabelog.com/en/kyoto/A2601/A260601/26040303/,4499.5
https://tabelog.com/en/kyoto/A2601/A260202/26029038/,12499.5
https://tabelog.com/en/kyoto/A2601/A260403/26025328/,17499.5
https://tabelog.com/en/kyoto/A2601/A260101/26035257/,3499.5
https://tabelog.com/en/kyoto/A2601/A260601/26006387/,5499.5
https://tabelog.com/en/kyoto/A2601/A260303/26005618/,6999.5
https://tabelog.com/en/kyoto/A2601/A260201/26006319/,6999.5
https://tabelog.com/en/kyoto/A2607/A260701/26003049/,3499.5
https://tabelog.com/en/kyoto/A2601/A260201/26035677/,6999.5
https://tabelog.com/en/kyoto/A2601/A260101/26001972/,3499.5
https://tabelog.com/en/kyoto/A2601/A260603/26025179/,4499.5
https://tabelog.com/en/kyoto/A2601/A260301/26037241/,17499.5
https://tabelog.com/en/kyoto/A2601/A260604/26042041/,4499.5
https://tabelog.com/en/kyoto/A2601/A260201/26000164/,3499.5
https://tabelog.com/en/kyoto/A2601/A260201/26017661/,8999.5
https://tabelog.com/en/kyoto/A2601/A260202/26002657/,8999.5
https://tabelog.com/en/kyoto/A2601/A260201/26034554/,4499.5
https://tabelog.com/en/kyoto/A2601/A260101/26023753/,2499.5
https://tabelog.com/en/kyoto/A2601/A260202/26042560/,3499.5
https://tabelog.com/en/kyoto/A2601/A260203/26023216/,3499.5
https://tabelog.com/en/kyoto/A2601/A260401/26008235/,5499.5
https://tabelog.com/en/kyoto/A2601/A260203/26038460/,5499.5
https://tabelog.com/en/kyoto/A2601/A260604/26007209/,3499.5
https://tabelog.com/en/kyoto/A2601/A260601/26002411/,8999.5
https://tabelog.com/en/kyoto/A2601/A260603/26001444/,6999.5
https://tabelog.com/en/kyoto/A2601/A260201/26036124/,4499.5
https://tabelog.com/en/kyoto/A2601/A260401/26036767/,2499.5
https://tabelog.com/en/kyoto/A2601/A260604/26042544/,4499.5
https://tabelog.com/en/kyoto/A2601/A260201/26042171/,3499.5
https://tabelog.com/en/kyoto/A2601/A260202/26013306/,3499.5
https://tabelog.com/en/kyoto/A2601/A260201/26003077/,6999.5
https://tabelog.com/en/kyoto/A2601/A260201/26041633/,6999.5
https://tabelog.com/en/kyoto/A2601/A260202/26041906/,6999.5
https://tabelog.com/en/kyoto/A2601/A260301/26037052/,24999.5
https://tabelog.com/en/kyoto/A2601/A260201/26041815/,3499.5
https://tabelog.com/en/kyoto/A2601/A260201/26039650/,4499.5
https://tabelog.com/en/kyoto/A2601/A260101/26041484/,3499.5
https://tabelog.com/en/kyoto/A2601/A260202/26025044/,3499.5
https://tabelog.com/en/kyoto/A2601/A260101/26020436/,4499.5
https://tabelog.com/en/kyoto/A2601/A260301/26042135/,8999.5
https://tabelog.com/en/kyoto/A2601/A260301/26037831/,3499.5
https://tabelog.com/en/kyoto/A2601/A260201/26041941/,12499.5
https://tabelog.com/en/kyoto/A2601/A260202/26035154/,5499.5
https://tabelog.com/en/kyoto/A2601/A260401/26002205/,5499.5
https://tabelog.com/en/kyoto/A2601/A260402/26003461/,4499.5
https://tabelog.com/en/kyoto/A2601/A260201/26034551/,3499.5
https://tabelog.com/en/kyoto/A2601/A260201/26034022/,6999.5
https://tabelog.com/en/kyoto/A2601/A260601/26039880/,3499.5
https://tabelog.com/en/kyoto/A2601/A260302/26040396/,4499.5
https://tabelog.com/en/kyoto/A2601/A260101/26020960/,3499.5
https://tabelog.com/en/kyoto/A2601/A260202/26037594/,12499.5
https://tabelog.com/en/kyoto/A2601/A260201/26036532/,5499.5
https://tabelog.com/en/kyoto/A2601/A260301/26000121/,8999.5
https://tabelog.com/en/kyoto/A2601/A260101/26026641/,6999.5
https://tabelog.com/en/kyoto/A2601/A260202/26042076/,4499.5
https://tabelog.com/en/kyoto/A2601/A260201/26033989/,999.0
https://tabelog.com/en/kyoto/A2601/A260401/26038111/,3499.5
https://tabelog.com/en/kyoto/A2601/A260101/26039497/,3499.5
https://tabelog.com/en/kyoto/A2601/A260101/26039588/,3499.5
https://tabelog.com/en/kyoto/A2601/A260301/26001139/,2499.5
https://tabelog.com/en/kyoto/A2601/A260201/26036292/,2499.5
https://tabelog.com/en/kyoto/A2601/A260201/26042584/,3499.5
https://tabelog.com/en/kyoto/A2601/A260201/26040842/,6999.5
https://tabelog.com/en/kyoto/A2601/A260201/26041988/,3499.5
https://tabelog.com/en/kyoto/A2601/A260601/26022945/,5499.5
https://tabelog.com/en/kyoto/A2601/A260301/26030761/,3499.5
https://tabelog.com/en/kyoto/A2601/A260604/26019150/,3499.5
https://tabelog.com/en/kyoto/A2601/A260201/26029141/,3499.5
https://tabelog.com/en/kyoto/A2601/A260301/26023217/,8999.5
https://tabelog.com/en/kyoto/A2601/A260601/26032552/,2499.5
https://tabelog.com/en/kyoto/A2601/A260101/26040514/,4499.5
https://tabelog.com/en/kyoto/A2601/A260301/26024607/,5499.5
https://tabelog.com/en/kyoto/A2601/A260203/26026992/,2499.5
https://tabelog.com/en/kyoto/A2601/A260202/26029884/,3499.5
https://tabelog.com/en/kyoto/A2601/A260101/26012982/,5499.5
https://tabelog.com/en/kyoto/A2601/A260603/26001038/,1499.5
https://tabelog.com/en/kyoto/A2601/A260201/26042453/,6999.5
https://tabelog.com/en/kyoto/A2601/A260201/26001330/,3499.5
https://tabelog.com/en/kyoto/A2601/A260203/26040836/,3499.5
https://tabelog.com/en/kyoto/A2601/A260101/26036933/,2499.5
https://tabelog.com/en/kyoto/A2601/A260201/26033869/,6999.5
https://tabelog.com/en/kyoto/A2601/A260503/26042238/,17499.5
https://tabelog.com/en/kyoto/A2601/A260201/26004664/,3499.5
https://tabelog.com/en/kyoto/A2601/A260301/26040644/,3499.5
https://tabelog.com/en/kyoto/A2601/A260101/26002762/,2499.5
https://tabelog.com/en/kyoto/A2601/A260201/26041504/,3499.5
https://tabelog.com/en/kyoto/A2601/A260201/26013971/,3499.5
https://tabelog.com/en/kyoto/A2601/A260201/26042417/,4499.5
https://tabelog.com/en/kyoto/A2601/A260301/26028803/,24999.5
https://tabelog.com/en/kyoto/A2601/A260301/26036657/,12499.5
https://tabelog.com/en/kyoto/A2601/A260201/26036883/,4499.5
https://tabelog.com/en/kyoto/A2601/A260201/26041545/,
https://tabelog.com/en/kyoto/A2601/A260202/26040169/,5499.5
https://tabelog.com/en/kyoto/A2601/A260201/26032274/,5499.5
https://tabelog.com/en/kyoto/A2601/A260301/26017371/,24999.5
https://tabelog.com/en/kyoto/A2601/A260201/26006718/,4499.5
https://tabelog.com/en/kyoto/A2601/A260202/26001167/,6999.5
https://tabelog.com/en/kyoto/A2601/A260401/26041636/,3499.5
https://tabelog.com/en/kyoto/A2601/A260201/26004833/,5499.5
https://tabelog.com/en/kyoto/A2601/A260301/26040978/,24999.5
https://tabelog.com/en/kyoto/A2601/A260201/26035102/,2499.5
https://tabelog.com/en/kyoto/A2601/A260101/26029709/,3499.5
https://tabelog.com/en/kyoto/A2608/A260801/26031656/,3499.5
https://tabelog.com/en/kyoto/A2601/A260201/26022137/,3499.5
https://tabelog.com/en/kyoto/A2601/A260202/26003692/,3499.5
https://tabelog.com/en/kyoto/A2601/A260203/26015310/,4499.5
https://tabelog.com/en/kyoto/A2601/A260203/26006596/,5499.5
https://tabelog.com/en/kyoto/A2601/A260202/26018234/,8999.5
https://tabelog.com/en/kyoto/A2601/A260101/26038973/,2499.5
https://tabelog.com/en/kyoto/A2607/A260701/26030262/,3499.5
https://tabelog.com/en/kyoto/A2601/A260202/26015620/,8999.5
https://tabelog.com/en/kyoto/A2601/A260203/26034013/,12499.5
https://tabelog.com/en/kyoto/A2601/A260203/26034553/,4499.5
https://tabelog.com/en/kyoto/A2601/A260201/26025041/,2499.5
https://tabelog.com/en/kyoto/A2601/A260301/26041964/,44999.5
https://tabelog.com/en/kyoto/A2601/A260302/26025423/,3499.5
https://tabelog.com/en/kyoto/A2601/A260301/26002661/,17499.5
https://tabelog.com/en/kyoto/A2601/A260203/26014558/,5499.5
https://tabelog.com/en/kyoto/A2601/A260101/26000483/,3499.5
https://tabelog.com/en/kyoto/A2601/A260201/26042340/,24999.5
https://tabelog.com/en/kyoto/A2601/A260201/26023009/,3499.5
https://tabelog.com/en/kyoto/A2601/A260101/26035590/,3499.5
https://tabelog.com/en/kyoto/A2601/A260302/26030328/,24999.5
https://tabelog.com/en/kyoto/A2601/A260302/26021271/,6999.5
https://tabelog.com/en/kyoto/A2601/A260601/26016262/,3499.5
https://tabelog.com/en/kyoto/A2601/A260201/26026885/,4499.5
https://tabelog.com/en/kyoto/A2601/A260201/26041502/,8999.5
https://tabelog.com/en/kyoto/A2601/A260604/26039728/,3499.5
https://tabelog.com/en/kyoto/A2601/A260101/26000606/,6999.5
https://tabelog.com/en/kyoto/A2601/A260201/26040628/,4499.5
https://tabelog.com/en/kyoto/A2601/A260202/26023786/,5499.5
https://tabelog.com/en/kyoto/A2607/A260703/26008120/,4499.5
https://tabelog.com/en/kyoto/A2601/A260201/26035999/,12499.5
https://tabelog.com/en/kyoto/A2601/A260403/26013108/,5499.5
https://tabelog.com/en/kyoto/A2601/A260201/26041948/,4499.5
https://tabelog.com/en/kyoto/A2601/A260601/26037605/,3499.5
https://tabelog.com/en/kyoto/A2601/A260202/26041930/,5499.5
https://tabelog.com/en/kyoto/A2601/A260202/26026497/,6999.5
https://tabelog.com/en/kyoto/A2601/A260201/26040874/,5499.5
https://tabelog.com/en/kyoto/A2601/A260301/26022710/,6999.5
https://tabelog.com/en/kyoto/A2601/A260301/26041924/,4499.5
https://tabelog.com/en/kyoto/A2601/A260503/26002166/,2499.5
https://tabelog.com/en/kyoto/A2601/A260301/26040184/,5499.5
https://tabelog.com/en/kyoto/A2601/A260202/26038722/,12499.5
https://tabelog.com/en/kyoto/A2601/A260201/26041715/,6999.5
https://tabelog.com/en/kyoto/A2601/A260301/26041335/,17499.5
https://tabelog.com/en/kyoto/A2601/A260403/26040926/,5499.5
https://tabelog.com/en/kyoto/A2601/A260202/26022612/,3499.5
https://tabelog.com/en/kyoto/A2601/A260101/26038383/,5499.5
https://tabelog.com/en/kyoto/A2601/A260202/26041471/,5499.5
https://tabelog.com/en/kyoto/A2601/A260201/26035601/,1499.5
https://tabelog.com/en/kyoto/A2601/A260201/26034782/,6999.5
https://tabelog.com/en/kyoto/A2601/A260301/26001006/,17499.5
https://tabelog.com/en/kyoto/A2601/A260401/26006402/,3499.5
https://tabelog.com/en/kyoto/A2601/A260202/26032591/,2499.5
https://tabelog.com/en/kyoto/A2601/A260201/26040525/,1499.5
https://tabelog.com/en/kyoto/A2601/A260401/26028697/,2499.5
https://tabelog.com/en/kyoto/A2601/A260302/26034961/,8999.5
https://tabelog.com/en/kyoto/A2607/A260704/26027948/,
https://tabelog.com/en/kyoto/A2601/A260201/26038578/,12499.5
https://tabelog.com/en/kyoto/A2601/A260101/26034373/,4499.5
https://tabelog.com/en/kyoto/A2601/A260301/26036179/,17499.5
https://tabelog.com/en/kyoto/A2601/A260101/26001955/,6999.5
https://tabelog.com/en/kyoto/A2601/A260503/26007141/,
https://tabelog.com/en/kyoto/A2601/A260203/26032693/,1499.5
https://tabelog.com/en/kyoto/A2601/A260201/26029760/,17499.5
https://tabelog.com/en/kyoto/A2601/A260401/26041392/,1499.5
https://tabelog.com/en/kyoto/A2601/A260301/26038152/,3499.5
https://tabelog.com/en/kyoto/A2601/A260301/26038148/,3499.5
https://tabelog.com/en/kyoto/A2601/A260201/26036986/,3499.5
https://tabelog.com/en/kyoto/A2601/A260101/26003080/,3499.5
https://tabelog.com/en/kyoto/A2601/A260201/26019291/,3499.5
https://tabelog.com/en/kyoto/A2601/A260603/26025407/,3499.5
https://tabelog.com/en/kyoto/A2601/A260203/26041024/,24999.5
https://tabelog.com/en/kyoto/A2601/A260201/26038989/,4499.5
https://tabelog.com/en/kyoto/A2601/A260603/26004900/,3499.5
https://tabelog.com/en/kyoto/A2601/A260401/26040923/,3499.5
https://tabelog.com/en/kyoto/A2601/A260203/26036712/,2499.5
https://tabelog.com/en/kyoto/A2601/A260601/26026430/,2499.5
https://tabelog.com/en/kyoto/A2601/A260201/26026075/,3499.5
https://tabelog.com/en/kyoto/A2609/A260902/26033232/,4499.5
https://tabelog.com/en/kyoto/A2601/A260301/26040799/,24999.5
https://tabelog.com/en/kyoto/A2601/A260201/26018387/,4499.5
https://tabelog.com/en/kyoto/A2601/A260202/26038681/,3499.5
https://tabelog.com/en/kyoto/A2601/A260101/26040679/,3499.5
https://tabelog.com/en/kyoto/A2601/A260401/26039646/,4499.5
https://tabelog.com/en/kyoto/A2601/A260301/26031253/,2499.5
https://tabelog.com/en/kyoto/A2601/A260201/26042308/,5499.5
https://tabelog.com/en/kyoto/A2601/A260202/26030196/,12499.5
https://tabelog.com/en/kyoto/A2601/A260201/26042105/,24999.5
https://tabelog.com/en/kyoto/A2601/A260202/26035798/,3499.5
https://tabelog.com/en/kyoto/A2601/A260604/26031103/,4499.5
https://tabelog.com/en/kyoto/A2601/A260301/26021068/,6999.5
https://tabelog.com/en/kyoto/A2601/A260201/26038815/,8999.5
https://tabelog.com/en/kyoto/A2601/A260301/26042078/,6999.5
https://tabelog.com/en/kyoto/A2601/A260101/26023287/,5499.5
https://tabelog.com/en/kyoto/A2601/A260202/26006755/,4499.5
https://tabelog.com/en/kyoto/A2601/A260101/26039223/,3499.5
https://tabelog.com/en/kyoto/A2601/A260202/26040183/,6999.5
https://tabelog.com/en/kyoto/A2601/A260301/26002672/,12499.5
https://tabelog.com/en/kyoto/A2601/A260202/26007390/,6999.5
https://tabelog.com/en/kyoto/A2601/A260301/26005288/,2499.5
https://tabelog.com/en/kyoto/A2601/A260601/26018919/,4499.5
https://tabelog.com/en/kyoto/A2601/A260202/26019049/,2499.5
https://tabelog.com/en/kyoto/A2601/A260302/26023921/,2499.5
https://tabelog.com/en/kyoto/A2601/A260201/26036100/,2499.5
https://tabelog.com/en/kyoto/A2601/A260202/26023920/,2499.5
https://tabelog.com/en/kyoto/A2601/A260301/26013506/,2499.5
https://tabelog.com/en/kyoto/A2601/A260501/26018259/,2499.5
https://tabelog.com/en/kyoto/A2601/A260601/26015123/,2499.5
https://tabelog.com/en/kyoto/A2601/A260601/26019310/,2499.5
https://tabelog.com/en/kyoto/A2601/A260601/26019130/,5499.5
https://tabelog.com/en/kyoto/A2601/A260203/26023142/,3499.5
https://tabelog.com/en/kyoto/A2601/A260201/26018362/,2499.5
https://tabelog.com/en/kyoto/A2601/A260503/26033930/,3499.5
https://tabelog.com/en/kyoto/A2601/A260403/26035541/,
https://tabelog.com/en/kyoto/A2601/A260401/26040082/,3499.5
https://tabelog.com/en/kyoto/A2601/A260403/26035278/,
https://tabelog.com/en/kyoto/A2601/A260201/26032373/,4499.5
https://tabelog.com/en/kyoto/A2601/A260302/26031207/,3499.5
https://tabelog.com/en/kyoto/A2601/A260201/26015048/,2499.5
https://tabelog.com/en/kyoto/A2601/A260202/26021929/,3499.5
https://tabelog.com/en/kyoto/A2601/A260301/26006220/,12499.5
https://tabelog.com/en/kyoto/A2601/A260203/26037749/,4499.5
https://tabelog.com/en/kyoto/A2601/A260202/26002744/,3499.5
https://tabelog.com/en/kyoto/A2601/A260301/26034773/,12499.5
https://tabelog.com/en/kyoto/A2601/A260601/26037296/,1499.5
https://tabelog.com/en/kyoto/A2601/A260401/26027124/,4499.5
https://tabelog.com/en/kyoto/A2601/A260202/26039674/,4499.5
https://tabelog.com/en/kyoto/A2607/A260701/26038346/,3499.5
https://tabelog.com/en/kyoto/A2601/A260301/26000265/,24999.5
https://tabelog.com/en/kyoto/A2601/A260202/26029857/,17499.5
https://tabelog.com/en/kyoto/A2601/A260201/26030735/,3499.5
https://tabelog.com/en/kyoto/A2601/A260501/26038210/,
https://tabelog.com/en/kyoto/A2601/A260601/26032160/,3499.5
https://tabelog.com/en/kyoto/A2601/A260501/26033160/,5499.5
https://tabelog.com/en/kyoto/A2601/A260401/26036875/,2499.5
https://tabelog.com/en/kyoto/A2601/A260603/26032585/,3499.5
https://tabelog.com/en/kyoto/A2601/A260301/26013915/,12499.5
https://tabelog.com/en/kyoto/A2601/A260301/26001338/,8999.5
https://tabelog.com/en/kyoto/A2601/A260101/26041039/,4499.5
https://tabelog.com/en/kyoto/A2601/A260401/26041752/,2499.5
https://tabelog.com/en/kyoto/A2601/A260203/26040290/,3499.5
https://tabelog.com/en/kyoto/A2608/A260802/26034422/,6999.5
https://tabelog.com/en/kyoto/A2601/A260301/26037183/,4499.5
https://tabelog.com/en/kyoto/A2607/A260703/26031705/,4499.5
https://tabelog.com/en/kyoto/A2601/A260503/26001226/,17499.5
https://tabelog.com/en/kyoto/A2609/A260903/26016364/,2499.5
https://tabelog.com/en/kyoto/A2601/A260301/26005675/,2499.5
https://tabelog.com/en/kyoto/A2601/A260201/26034057/,5499.5
https://tabelog.com/en/kyoto/A2601/A260202/26011812/,6999.5
https://tabelog.com/en/kyoto/A2607/A260701/26025472/,2499.5
https://tabelog.com/en/kyoto/A2601/A260403/26035273/,3499.5
https://tabelog.com/en/kyoto/A2601/A260601/26036039/,1499.5
https://tabelog.com/en/kyoto/A2601/A260201/26023940/,12499.5
https://tabelog.com/en/kyoto/A2601/A260601/26033709/,2499.5
https://tabelog.com/en/kyoto/A2601/A260503/26001792/,5499.5
https://tabelog.com/en/kyoto/A2601/A260201/26037250/,2499.5
https://tabelog.com/en/kyoto/A2601/A260203/26022326/,3499.5
https://tabelog.com/en/kyoto/A2601/A260201/26038875/,5499.5
https://tabelog.com/en/kyoto/A2601/A260601/26026095/,2499.5
https://tabelog.com/en/kyoto/A2601/A260503/26035627/,12499.5
https://tabelog.com/en/kyoto/A2601/A260301/26036163/,4499.5
https://tabelog.com/en/kyoto/A2601/A260202/26041209/,34999.5
https://tabelog.com/en/kyoto/A2601/A260301/26038339/,3499.5
https://tabelog.com/en/kyoto/A2601/A260201/26002986/,8999.5
https://tabelog.com/en/kyoto/A2601/A260202/26020876/,4499.5
https://tabelog.com/en/kyoto/A2601/A260202/26037028/,12499.5
https://tabelog.com/en/kyoto/A2609/A260903/26041152/,8999.5
https://tabelog.com/en/kyoto/A2601/A260601/26042167/,1499.5
https://tabelog.com/en/kyoto/A2601/A260301/26033572/,4499.5
https://tabelog.com/en/kyoto/A2601/A260401/26040407/,4499.5
https://tabelog.com/en/kyoto/A2601/A260301/26042326/,8999.5
https://tabelog.com/en/kyoto/A2601/A260201/26039775/,1499.5
https://tabelog.com/en/kyoto/A2601/A260101/26041551/,8999.5
https://tabelog.com/en/kyoto/A2607/A260703/26023311/,3499.5
https://tabelog.com/en/kyoto/A2601/A260201/26027330/,4499.5
https://tabelog.com/en/kyoto/A2601/A260201/26029250/,12499.5
https://tabelog.com/en/kyoto/A2601/A260301/26041110/,2499.5
https://tabelog.com/en/kyoto/A2601/A260401/26040013/,12499.5
https://tabelog.com/en/kyoto/A2601/A260201/26001891/,12499.5
https://tabelog.com/en/kyoto/A2601/A260202/26001498/,5499.5
https://tabelog.com/en/kyoto/A2601/A260604/26001284/,3499.5
https://tabelog.com/en/kyoto/A2601/A260603/26034871/,5499.5
https://tabelog.com/en/kyoto/A2601/A260302/26024294/,1499.5
https://tabelog.com/en/kyoto/A2607/A260702/26036736/,5499.5
https://tabelog.com/en/kyoto/A2601/A260301/26006394/,5499.5
https://tabelog.com/en/kyoto/A2601/A260303/26031142/,3499.5
https://tabelog.com/en/kyoto/A2601/A260301/26034270/,17499.5
https://tabelog.com/en/kyoto/A2601/A260501/26014823/,5499.5
https://tabelog.com/en/kyoto/A2607/A260702/26005591/,12499.5
https://tabelog.com/en/kyoto/A2601/A260201/26012699/,3499.5
https://tabelog.com/en/kyoto/A2601/A260401/26038326/,8999.5
https://tabelog.com/en/kyoto/A2601/A260101/26024603/,6999.5
https://tabelog.com/en/kyoto/A2601/A260601/26042400/,1499.5
https://tabelog.com/en/kyoto/A2607/A260702/26030407/,4499.5
https://tabelog.com/en/kyoto/A2601/A260202/26034468/,8999.5
https://tabelog.com/en/kyoto/A2601/A260301/26022795/,12499.5
https://tabelog.com/en/kyoto/A2601/A260401/26037150/,3499.5
https://tabelog.com/en/kyoto/A2601/A260201/26009338/,1499.5
https://tabelog.com/en/kyoto/A2601/A260601/26034059/,2499.5
https://tabelog.com/en/kyoto/A2601/A260202/26001011/,8999.5
https://tabelog.com/en/kyoto/A2601/A260301/26041333/,5499.5
https://tabelog.com/en/kyoto/A2607/A260702/26023769/,3499.5
https://tabelog.com/en/kyoto/A2601/A260201/26028828/,3499.5
https://tabelog.com/en/kyoto/A2601/A260401/26002833/,3499.5
https://tabelog.com/en/kyoto/A2601/A260201/26034583/,5499.5
https://tabelog.com/en/kyoto/A2607/A260705/26026474/,2499.5
https://tabelog.com/en/kyoto/A2601/A260201/26031918/,2499.5
https://tabelog.com/en/kyoto/A2601/A260501/26038705/,3499.5
https://tabelog.com/en/kyoto/A2607/A260704/26013751/,17499.5
https://tabelog.com/en/kyoto/A2607/A260701/26026804/,2499.5
https://tabelog.com/en/kyoto/A2601/A260401/26006644/,3499.5
https://tabelog.com/en/kyoto/A2601/A260503/26000388/,6999.5
https://tabelog.com/en/kyoto/A2601/A260401/26030950/,5499.5
https://tabelog.com/en/kyoto/A2601/A260201/26002409/,8999.5
https://tabelog.com/en/kyoto/A2601/A260304/26000406/,6999.5
https://tabelog.com/en/kyoto/A2601/A260101/26034627/,5499.5
https://tabelog.com/en/kyoto/A2607/A260704/26040516/,6999.5
https://tabelog.com/en/kyoto/A2601/A260202/26030313/,2499.5
https://tabelog.com/en/kyoto/A2601/A260302/26031996/,2499.5
https://tabelog.com/en/kyoto/A2601/A260401/26004005/,2499.5
https://tabelog.com/en/kyoto/A2601/A260203/26007129/,6999.5
https://tabelog.com/en/kyoto/A2601/A260202/26032133/,5499.5
https://tabelog.com/en/kyoto/A2601/A260201/26032617/,4499.5
https://tabelog.com/en/kyoto/A2601/A260601/26003928/,8999.5
https://tabelog.com/en/kyoto/A2601/A260203/26008987/,6999.5
https://tabelog.com/en/kyoto/A2601/A260101/26020798/,3499.5
https://tabelog.com/en/kyoto/A2601/A260203/26009369/,5499.5
https://tabelog.com/en/kyoto/A2601/A260201/26031451/,4499.5
https://tabelog.com/en/kyoto/A2601/A260201/26022491/,3499.5
https://tabelog.com/en/kyoto/A2601/A260201/26039830/,17499.5
https://tabelog.com/en/kyoto/A2601/A260301/26006520/,2499.5
https://tabelog.com/en/kyoto/A2601/A260401/26012891/,6999.5
https://tabelog.com/en/kyoto/A2601/A260304/26033983/,17499.5
https://tabelog.com/en/kyoto/A2601/A260101/26022924/,2499.5
https://tabelog.com/en/kyoto/A2601/A260201/26026770/,3499.5
https://tabelog.com/en/kyoto/A2601/A260601/26036942/,1499.5
https://tabelog.com/en/kyoto/A2601/A260201/26033937/,6999.5
https://tabelog.com/en/kyoto/A2601/A260203/26034412/,17499.5
https://tabelog.com/en/kyoto/A2601/A260601/26022199/,5499.5
https://tabelog.com/en/kyoto/A2601/A260601/26025485/,4499.5
https://tabelog.com/en/kyoto/A2607/A260701/26007320/,3499.5
https://tabelog.com/en/kyoto/A2601/A260601/26033040/,2499.5
https://tabelog.com/en/kyoto/A2601/A260101/26020799/,2499.5
https://tabelog.com/en/kyoto/A2601/A260401/26028151/,2499.5
https://tabelog.com/en/kyoto/A2601/A260202/26001886/,5499.5
https://tabelog.com/en/kyoto/A2601/A260402/26000837/,4499.5
https://tabelog.com/en/kyoto/A2601/A260601/26015072/,2499.5
https://tabelog.com/en/kyoto/A2601/A260604/26041928/,4499.5
https://tabelog.com/en/kyoto/A2601/A260201/26027255/,6999.5
https://tabelog.com/en/kyoto/A2601/A260601/26027660/,3499.5
https://tabelog.com/en/kyoto/A2601/A260301/26034625/,4499.5
https://tabelog.com/en/kyoto/A2601/A260603/26016981/,3499.5
https://tabelog.com/en/kyoto/A2601/A260301/26036647/,3499.5
https://tabelog.com/en/kyoto/A2601/A260601/26033016/,5499.5
https://tabelog.com/en/kyoto/A2601/A260301/26041995/,17499.5
https://tabelog.com/en/kyoto/A2607/A260702/26036098/,6999.5
https://tabelog.com/en/kyoto/A2607/A260702/26031617/,3499.5
https://tabelog.com/en/kyoto/A2601/A260201/26017136/,3499.5
https://tabelog.com/en/kyoto/A2607/A260701/26000038/,12499.5
https://tabelog.com/en/kyoto/A2601/A260202/26022515/,4499.5
https://tabelog.com/en/kyoto/A2601/A260301/26035621/,8999.5
https://tabelog.com/en/kyoto/A2601/A260202/26004266/,5499.5
https://tabelog.com/en/kyoto/A2601/A260302/26041066/,4499.5
https://tabelog.com/en/kyoto/A2607/A260701/26029414/,3499.5
https://tabelog.com/en/kyoto/A2601/A260202/26030314/,3499.5
https://tabelog.com/en/kyoto/A2601/A260401/26013715/,4499.5
https://tabelog.com/en/kyoto/A2601/A260202/26041111/,6999.5
https://tabelog.com/en/kyoto/A2601/A260301/26019145/,3499.5
https://tabelog.com/en/kyoto/A2601/A260601/26001978/,2499.5
https://tabelog.com/en/kyoto/A2608/A260802/26018367/,2499.5
https://tabelog.com/en/kyoto/A2601/A260203/26009508/,4499.5
https://tabelog.com/en/kyoto/A2601/A260302/26029643/,3499.5
https://tabelog.com/en/kyoto/A2601/A260202/26040282/,3499.5
https://tabelog.com/en/kyoto/A2601/A260203/26035083/,17499.5
https://tabelog.com/en/kyoto/A2601/A260401/26027484/,2499.5
https://tabelog.com/en/kyoto/A2601/A260603/26038863/,2499.5
https://tabelog.com/en/kyoto/A2601/A260203/26040770/,1499.5
https://tabelog.com/en/kyoto/A2607/A260702/26007419/,1499.5
https://tabelog.com/en/kyoto/A2601/A260603/26040471/,3499.5
https://tabelog.com/en/kyoto/A2601/A260202/26030959/,2499.5
https://tabelog.com/en/kyoto/A2601/A260501/26003058/,2499.5
https://tabelog.com/en/kyoto/A2601/A260303/26003742/,2499.5
https://tabelog.com/en/kyoto/A2601/A260201/26003662/,17499.5
https://tabelog.com/en/kyoto/A2601/A260301/26041065/,24999.5
https://tabelog.com/en/kyoto/A2607/A260701/26006650/,4499.5
https://tabelog.com/en/kyoto/A2601/A260201/26020401/,6999.5
https://tabelog.com/en/kyoto/A2601/A260603/26029823/,3499.5
https://tabelog.com/en/kyoto/A2601/A260503/26038809/,3499.5
https://tabelog.com/en/kyoto/A2601/A260201/26028425/,3499.5
https://tabelog.com/en/kyoto/A2601/A260604/26019036/,2499.5
https://tabelog.com/en/kyoto/A2607/A260701/26032205/,3499.5
https://tabelog.com/en/kyoto/A2601/A260203/26027901/,3499.5
https://tabelog.com/en/kyoto/A2601/A260401/26035506/,2499.5
https://tabelog.com/en/kyoto/A2601/A260301/26015951/,8999.5
https://tabelog.com/en/kyoto/A2601/A260202/26022730/,3499.5
https://tabelog.com/en/kyoto/A2601/A260301/26037930/,3499.5
https://tabelog.com/en/kyoto/A2601/A260301/26040925/,4499.5
https://tabelog.com/en/kyoto/A2601/A260601/26041317/,3499.5
https://tabelog.com/en/kyoto/A2601/A260201/26013309/,5499.5
https://tabelog.com/en/kyoto/A2601/A260202/26009306/,2499.5
https://tabelog.com/en/kyoto/A2601/A260201/26036332/,3499.5
https://tabelog.com/en/kyoto/A2601/A260401/26016596/,2499.5
https://tabelog.com/en/kyoto/A2601/A260202/26000688/,6999.5
https://tabelog.com/en/kyoto/A2601/A260203/26026722/,3499.5
https://tabelog.com/en/kyoto/A2601/A260201/26035585/,2499.5
https://tabelog.com/en/kyoto/A2601/A260301/26016531/,5499.5
https://tabelog.com/en/kyoto/A2601/A260201/26037908/,6999.5
https://tabelog.com/en/kyoto/A2601/A260601/26033089/,8999.5
https://tabelog.com/en/kyoto/A2601/A260604/26014077/,4499.5
https://tabelog.com/en/kyoto/A2601/A260604/26002162/,3499.5
https://tabelog.com/en/kyoto/A2601/A260101/26038820/,4499.5
https://tabelog.com/en/kyoto/A2607/A260702/26020356/,2499.5
https://tabelog.com/en/kyoto/A2608/A260803/26042011/,3499.5
https://tabelog.com/en/kyoto/A2601/A260301/26019209/,5499.5
https://tabelog.com/en/kyoto/A2601/A260503/26041650/,3499.5
https://tabelog.com/en/kyoto/A2607/A260703/26025624/,2499.5
https://tabelog.com/en/kyoto/A2601/A260201/26033907/,3499.5
https://tabelog.com/en/kyoto/A2601/A260201/26022968/,5499.5
https://tabelog.com/en/kyoto/A2601/A260201/26037929/,3499.5
https://tabelog.com/en/kyoto/A2601/A260202/26018889/,5499.5
https://tabelog.com/en/kyoto/A2601/A260401/26032434/,2499.5
https://tabelog.com/en/kyoto/A2601/A260401/26040615/,3499.5
https://tabelog.com/en/kyoto/A2601/A260201/26018520/,8999.5
https://tabelog.com/en/kyoto/A2609/A260902/26032475/,4499.5
https://tabelog.com/en/kyoto/A2601/A260501/26014803/,3499.5
https://tabelog.com/en/kyoto/A2601/A260401/26007420/,1499.5
https://tabelog.com/en/kyoto/A2601/A260401/26002209/,3499.5
https://tabelog.com/en/kyoto/A2601/A260201/26035024/,4499.5
https://tabelog.com/en/kyoto/A2601/A260202/26039202/,5499.5
https://tabelog.com/en/kyoto/A2601/A260202/26002669/,3499.5
https://tabelog.com/en/kyoto/A2601/A260601/26035410/,4499.5
https://tabelog.com/en/kyoto/A2607/A260702/26010270/,4499.5
https://tabelog.com/en/kyoto/A2601/A260202/26041659/,6999.5
https://tabelog.com/en/kyoto/A2601/A260201/26004953/,3499.5
https://tabelog.com/en/kyoto/A2601/A260202/26025381/,3499.5
https://tabelog.com/en/kyoto/A2601/A260202/26037161/,17499.5
https://tabelog.com/en/kyoto/A2601/A260401/26019343/,3499.5
https://tabelog.com/en/kyoto/A2601/A260401/26034478/,2499.5
https://tabelog.com/en/kyoto/A2601/A260201/26041866/,1499.5
https://tabelog.com/en/kyoto/A2607/A260702/26008333/,4499.5
https://tabelog.com/en/kyoto/A2601/A260301/26036688/,5499.5
https://tabelog.com/en/kyoto/A2601/A260401/26026076/,3499.5
https://tabelog.com/en/kyoto/A2601/A260303/26000995/,17499.5
https://tabelog.com/en/kyoto/A2601/A260301/26023484/,4499.5
https://tabelog.com/en/kyoto/A2601/A260301/26025153/,6999.5
https://tabelog.com/en/kyoto/A2601/A260302/26002913/,3499.5
https://tabelog.com/en/kyoto/A2601/A260302/26041047/,
https://tabelog.com/en/kyoto/A2601/A260203/26020487/,3499.5
https://tabelog.com/en/kyoto/A2601/A260201/26040148/,8999.5
https://tabelog.com/en/kyoto/A2601/A260201/26001990/,6999.5
https://tabelog.com/en/kyoto/A2609/A260902/26025625/,2499.5
https://tabelog.com/en/kyoto/A2608/A260802/26026220/,5499.5
https://tabelog.com/en/kyoto/A2601/A260302/26004708/,3499.5
https://tabelog.com/en/kyoto/A2601/A260201/26029143/,3499.5
https://tabelog.com/en/kyoto/A2601/A260203/26041373/,3499.5
https://tabelog.com/en/kyoto/A2601/A260503/26008531/,5499.5
https://tabelog.com/en/kyoto/A2608/A260801/26029995/,5499.5
https://tabelog.com/en/kyoto/A2601/A260202/26037132/,3499.5
https://tabelog.com/en/kyoto/A2601/A260101/26004918/,2499.5
https://tabelog.com/en/kyoto/A2601/A260303/26037286/,1499.5
https://tabelog.com/en/kyoto/A2601/A260101/26000870/,4499.5
https://tabelog.com/en/kyoto/A2601/A260203/26033221/,1499.5
https://tabelog.com/en/kyoto/A2601/A260202/26040755/,3499.5
https://tabelog.com/en/kyoto/A2601/A260501/26036783/,4499.5
https://tabelog.com/en/kyoto/A2608/A260801/26020946/,2499.5
https://tabelog.com/en/kyoto/A2601/A260201/26037217/,4499.5
https://tabelog.com/en/kyoto/A2601/A260203/26037190/,2499.5
https://tabelog.com/en/kyoto/A2601/A260101/26020815/,2499.5
https://tabelog.com/en/kyoto/A2601/A260201/26034570/,3499.5
https://tabelog.com/en/kyoto/A2601/A260202/26027532/,4499.5
https://tabelog.com/en/kyoto/A2601/A260201/26013018/,2499.5
https://tabelog.com/en/kyoto/A2601/A260301/26031324/,
https://tabelog.com/en/kyoto/A2601/A260201/26031199/,1499.5
https://tabelog.com/en/kyoto/A2607/A260703/26031376/,5499.5
https://tabelog.com/en/kyoto/A2601/A260201/26039512/,4499.5
https://tabelog.com/en/kyoto/A2601/A260202/26037630/,
https://tabelog.com/en/kyoto/A2601/A260201/26003361/,17499.5
https://tabelog.com/en/kyoto/A2601/A260101/26039769/,5499.5
https://tabelog.com/en/kyoto/A2601/A260202/26041306/,12499.5
https://tabelog.com/en/kyoto/A2601/A260201/26016598/,5499.5
https://tabelog.com/en/kyoto/A2601/A260601/26042007/,2499.5
https://tabelog.com/en/kyoto/A2601/A260201/26034883/,3499.5
https://tabelog.com/en/kyoto/A2601/A260201/26003690/,1499.5
https://tabelog.com/en/kyoto/A2601/A260203/26031952/,2499.5
https://tabelog.com/en/kyoto/A2601/A260202/26041180/,2499.5
https://tabelog.com/en/kyoto/A2601/A260202/26033353/,24999.5
https://tabelog.com/en/kyoto/A2601/A260503/26040927/,6999.5
https://tabelog.com/en/kyoto/A2601/A260202/26034995/,3499.5
https://tabelog.com/en/kyoto/A2601/A260301/26038918/,17499.5
https://tabelog.com/en/kyoto/A2601/A260301/26005284/,17499.5
https://tabelog.com/en/kyoto/A2601/A260301/26040045/,3499.5
https://tabelog.com/en/kyoto/A2609/A260903/26005082/,12499.5
https://tabelog.com/en/kyoto/A2601/A260402/26006927/,5499.5
https://tabelog.com/en/kyoto/A2601/A260401/26031060/,4499.5
https://tabelog.com/en/kyoto/A2601/A260503/26006608/,8999.5
https://tabelog.com/en/kyoto/A2601/A260101/26038150/,3499.5
https://tabelog.com/en/kyoto/A2601/A260201/26016828/,4499.5
https://tabelog.com/en/kyoto/A2601/A260201/26041007/,8999.5
https://tabelog.com/en/kyoto/A2601/A260401/26039741/,2499.5
https://tabelog.com/en/kyoto/A2601/A260203/26034866/,
https://tabelog.com/en/kyoto/A2601/A260101/26034519/,2499.5
https://tabelog.com/en/kyoto/A2601/A260301/26006112/,6999.5
https://tabelog.com/en/kyoto/A2601/A260101/26002530/,2499.5
https://tabelog.com/en/kyoto/A2601/A260201/26025122/,3499.5
https://tabelog.com/en/kyoto/A2601/A260301/26033428/,4499.5
https://tabelog.com/en/kyoto/A2601/A260301/26000246/,12499.5
https://tabelog.com/en/kyoto/A2601/A260202/26034334/,4499.5
https://tabelog.com/en/kyoto/A2607/A260704/26021723/,4499.5
https://tabelog.com/en/kyoto/A2601/A260202/26002569/,5499.5
https://tabelog.com/en/kyoto/A2601/A260301/26017518/,6999.5
https://tabelog.com/en/kyoto/A2601/A260203/26040507/,2499.5
https://tabelog.com/en/kyoto/A2601/A260201/26042456/,2499.5
https://tabelog.com/en/kyoto/A2601/A260403/26001010/,24999.5
https://tabelog.com/en/kyoto/A2601/A260201/26038228/,3499.5
https://tabelog.com/en/kyoto/A2601/A260203/26028592/,
https://tabelog.com/en/kyoto/A2601/A260201/26042410/,2499.5
https://tabelog.com/en/kyoto/A2601/A260301/26026808/,3499.5
https://tabelog.com/en/kyoto/A2601/A260203/26040894/,1499.5
https://tabelog.com/en/kyoto/A2607/A260701/26032364/,3499.5
https://tabelog.com/en/kyoto/A2601/A260503/26042265/,12499.5
https://tabelog.com/en/kyoto/A2601/A260202/26037932/,6999.5
https://tabelog.com/en/kyoto/A2601/A260202/26016849/,4499.5
https://tabelog.com/en/kyoto/A2601/A260301/26039682/,8999.5
https://tabelog.com/en/kyoto/A2601/A260203/26032278/,4499.5
https://tabelog.com/en/kyoto/A2601/A260401/26041651/,2499.5
https://tabelog.com/en/kyoto/A2601/A260201/26035839/,17499.5
https://tabelog.com/en/kyoto/A2601/A260503/26028198/,8999.5
https://tabelog.com/en/kyoto/A2601/A260203/26042139/,2499.5
https://tabelog.com/en/kyoto/A2601/A260101/26038102/,4499.5
https://tabelog.com/en/kyoto/A2601/A260301/26036164/,3499.5
https://tabelog.com/en/kyoto/A2601/A260302/26021417/,17499.5
https://tabelog.com/en/kyoto/A2601/A260202/26039878/,6999.5
https://tabelog.com/en/kyoto/A2601/A260604/26039519/,1499.5
https://tabelog.com/en/kyoto/A2601/A260401/26040711/,5499.5
https://tabelog.com/en/kyoto/A2601/A260201/26038579/,3499.5
https://tabelog.com/en/kyoto/A2601/A260101/26013776/,3499.5
https://tabelog.com/en/kyoto/A2601/A260301/26005187/,2499.5
https://tabelog.com/en/kyoto/A2601/A260403/26002227/,4499.5
https://tabelog.com/en/kyoto/A2601/A260301/26038024/,3499.5
https://tabelog.com/en/kyoto/A2601/A260201/26028368/,12499.5
https://tabelog.com/en/kyoto/A2601/A260301/26035900/,3499.5
https://tabelog.com/en/kyoto/A2601/A260301/26025738/,8999.5
https://tabelog.com/en/kyoto/A2601/A260203/26042043/,4499.5
https://tabelog.com/en/kyoto/A2601/A260301/26031449/,2499.5
https://tabelog.com/en/kyoto/A2601/A260202/26006883/,12499.5
https://tabelog.com/en/kyoto/A2601/A260101/26023926/,2499.5
https://tabelog.com/en/kyoto/A2607/A260705/26038735/,6999.5
https://tabelog.com/en/kyoto/A2601/A260201/26041716/,6999.5
https://tabelog.com/en/kyoto/A2607/A260701/26037417/,5499.5
https://tabelog.com/en/kyoto/A2601/A260203/26036743/,5499.5
https://tabelog.com/en/kyoto/A2601/A260301/26039747/,6999.5
https://tabelog.com/en/kyoto/A2601/A260401/26015647/,2499.5
https://tabelog.com/en/kyoto/A2608/A260801/26017791/,
https://tabelog.com/en/kyoto/A2601/A260201/26042295/,
https://tabelog.com/en/kyoto/A2601/A260301/26042419/,6999.5
https://tabelog.com/en/kyoto/A2601/A260301/26041554/,5499.5
https://tabelog.com/en/kyoto/A2607/A260701/26037148/,
https://tabelog.com/en/kyoto/A2601/A260304/26002939/,5499.5
https://tabelog.com/en/kyoto/A2601/A260601/26032752/,8999.5
https://tabelog.com/en/kyoto/A2601/A260301/26039982/,5499.5
https://tabelog.com/en/kyoto/A2601/A260201/26000888/,12499.5
https://tabelog.com/en/kyoto/A2601/A260301/26021444/,2499.5
https://tabelog.com/en/kyoto/A2607/A260701/26039448/,
https://tabelog.com/en/kyoto/A2601/A260301/26041923/,6999.5
https://tabelog.com/en/kyoto/A2601/A260202/26028283/,24999.5
https://tabelog.com/en/kyoto/A2601/A260202/26026207/,1499.5
https://tabelog.com/en/kyoto/A2601/A260201/26028433/,2499.5
https://tabelog.com/en/kyoto/A2601/A260301/26001283/,
https://tabelog.com/en/kyoto/A2601/A260603/26033490/,1499.5
https://tabelog.com/en/kyoto/A2601/A260301/26027248/,6999.5
https://tabelog.com/en/kyoto/A2601/A260303/26012731/,1499.5
https://tabelog.com/en/kyoto/A2601/A260501/26037698/,2499.5
https://tabelog.com/en/kyoto/A2601/A260202/26041710/,2499.5
https://tabelog.com/en/kyoto/A2601/A260301/26041630/,4499.5
https://tabelog.com/en/kyoto/A2601/A260201/26040200/,2499.5
https://tabelog.com/en/kyoto/A2601/A260201/26025021/,3499.5
https://tabelog.com/en/kyoto/A2607/A260703/26032353/,2499.5
https://tabelog.com/en/kyoto/A2601/A260301/26040841/,24999.5
https://tabelog.com/en/kyoto/A2601/A260202/26022073/,12499.5
https://tabelog.com/en/kyoto/A2601/A260503/26025254/,24999.5
https://tabelog.com/en/kyoto/A2601/A260202/26041739/,24999.5
https://tabelog.com/en/kyoto/A2601/A260304/26041377/,4499.5
https://tabelog.com/en/kyoto/A2601/A260603/26036257/,4499.5
https://tabelog.com/en/kyoto/A2601/A260301/26002006/,5499.5
https://tabelog.com/en/kyoto/A2601/A260101/26041522/,17499.5
https://tabelog.com/en/kyoto/A2601/A260202/26034349/,5499.5
https://tabelog.com/en/kyoto/A2601/A260503/26004325/,4499.5
https://tabelog.com/en/kyoto/A2601/A260604/26039956/,5499.5
https://tabelog.com/en/kyoto/A2601/A260301/26014418/,12499.5
https://tabelog.com/en/kyoto/A2601/A260101/26026821/,3499.5
https://tabelog.com/en/kyoto/A2601/A260202/26000955/,8999.5
https://tabelog.com/en/kyoto/A2601/A260202/26041124/,17499.5
https://tabelog.com/en/kyoto/A2601/A260503/26008777/,17499.5
https://tabelog.com/en/kyoto/A2601/A260202/26041705/,17499.5
https://tabelog.com/en/kyoto/A2608/A260802/26038723/,6999.5
https://tabelog.com/en/kyoto/A2601/A260203/26038510/,2499.5
https://tabelog.com/en/kyoto/A2601/A260203/26028999/,4499.5
https://tabelog.com/en/kyoto/A2601/A260202/26033370/,17499.5
https://tabelog.com/en/kyoto/A2601/A260501/26040951/,1499.5
https://tabelog.com/en/kyoto/A2601/A260401/26018050/,5499.5
https://tabelog.com/en/kyoto/A2601/A260203/26007976/,3499.5
https://tabelog.com/en/kyoto/A2608/A260803/26038512/,
https://tabelog.com/en/kyoto/A2601/A260202/26041485/,24999.5
https://tabelog.com/en/kyoto/A2601/A260202/26039977/,3499.5
https://tabelog.com/en/kyoto/A2601/A260201/26041230/,3499.5
https://tabelog.com/en/kyoto/A2601/A260603/26035397/,3499.5
https://tabelog.com/en/kyoto/A2601/A260202/26026218/,6999.5
https://tabelog.com/en/kyoto/A2601/A260202/26039558/,3499.5
https://tabelog.com/en/kyoto/A2601/A260201/26034614/,4499.5
https://tabelog.com/en/kyoto/A2601/A260202/26037668/,3499.5
https://tabelog.com/en/kyoto/A2601/A260301/26000573/,5499.5
https://tabelog.com/en/kyoto/A2601/A260201/26000747/,1499.5
https://tabelog.com/en/kyoto/A2601/A260301/26001263/,8999.5
https://tabelog.com/en/kyoto/A2601/A260201/26026431/,3499.5
https://tabelog.com/en/kyoto/A2601/A260101/26031800/,12499.5
https://tabelog.com/en/kyoto/A2601/A260604/26034359/,1499.5
https://tabelog.com/en/kyoto/A2601/A260301/26033296/,24999.5
https://tabelog.com/en/kyoto/A2607/A260703/26031537/,3499.5
https://tabelog.com/en/kyoto/A2601/A260202/26012964/,5499.5
https://tabelog.com/en/kyoto/A2601/A260401/26003728/,1499.5
https://tabelog.com/en/kyoto/A2601/A260401/26031246/,4499.5
https://tabelog.com/en/kyoto/A2601/A260201/26030025/,4499.5
https://tabelog.com/en/kyoto/A2601/A260601/26007594/,2499.5
https://tabelog.com/en/kyoto/A2601/A260202/26005313/,6999.5
https://tabelog.com/en/kyoto/A2607/A260703/26006507/,1499.5
https://tabelog.com/en/kyoto/A2601/A260202/26027655/,12499.5
https://tabelog.com/en/kyoto/A2601/A260201/26015976/,5499.5
https://tabelog.com/en/kyoto/A2601/A260302/26033161/,12499.5
https://tabelog.com/en/kyoto/A2601/A260203/26036913/,6999.5
https://tabelog.com/en/kyoto/A2601/A260601/26034328/,1499.5
https://tabelog.com/en/kyoto/A2601/A260202/26040450/,3499.5
https://tabelog.com/en/kyoto/A2601/A260202/26034228/,6999.5
https://tabelog.com/en/kyoto/A2601/A260601/26004593/,2499.5
https://tabelog.com/en/kyoto/A2601/A260101/26027842/,3499.5
https://tabelog.com/en/kyoto/A2601/A260202/26001170/,17499.5
https://tabelog.com/en/kyoto/A2601/A260201/26041034/,6999.5
https://tabelog.com/en/kyoto/A2607/A260703/26029112/,8999.5
https://tabelog.com/en/kyoto/A2601/A260203/26027988/,4499.5
https://tabelog.com/en/kyoto/A2601/A260603/26027570/,3499.5
https://tabelog.com/en/kyoto/A2601/A260202/26004875/,2499.5
https://tabelog.com/en/kyoto/A2601/A260101/26015039/,2499.5
https://tabelog.com/en/kyoto/A2601/A260601/26018627/,6999.5
https://tabelog.com/en/kyoto/A2601/A260202/26004339/,2499.5
https://tabelog.com/en/kyoto/A2601/A260301/26026123/,12499.5
https://tabelog.com/en/kyoto/A2601/A260201/26035161/,17499.5
https://tabelog.com/en/kyoto/A2601/A260101/26022704/,2499.5
https://tabelog.com/en/kyoto/A2601/A260201/26037810/,4499.5
https://tabelog.com/en/kyoto/A2601/A260301/26036299/,6999.5
https://tabelog.com/en/kyoto/A2601/A260201/26003343/,1499.5
https://tabelog.com/en/kyoto/A2601/A260604/26006275/,1499.5
https://tabelog.com/en/kyoto/A2601/A260603/26003924/,2499.5
https://tabelog.com/en/kyoto/A2601/A260202/26013434/,3499.5
https://tabelog.com/en/kyoto/A2601/A260401/26004797/,6999.5
https://tabelog.com/en/kyoto/A2601/A260501/26014615/,
https://tabelog.com/en/kyoto/A2601/A260301/26033331/,12499.5
https://tabelog.com/en/kyoto/A2601/A260603/26007027/,4499.5
https://tabelog.com/en/kyoto/A2601/A260203/26039611/,2499.5
https://tabelog.com/en/kyoto/A2601/A260201/26038593/,1499.5
https://tabelog.com/en/kyoto/A2601/A260202/26039265/,1499.5
https://tabelog.com/en/kyoto/A2608/A260801/26012833/,12499.5
https://tabelog.com/en/kyoto/A2601/A260201/26040609/,5499.5
https://tabelog.com/en/kyoto/A2601/A260201/26037422/,12499.5
https://tabelog.com/en/kyoto/A2601/A260604/26017478/,8999.5
https://tabelog.com/en/kyoto/A2601/A260303/26030686/,4499.5
https://tabelog.com/en/kyoto/A2601/A260403/26005000/,5499.5
https://tabelog.com/en/kyoto/A2607/A260705/26025550/,2499.5
https://tabelog.com/en/kyoto/A2601/A260501/26002136/,1499.5
https://tabelog.com/en/kyoto/A2601/A260202/26028991/,5499.5
https://tabelog.com/en/kyoto/A2601/A260203/26023686/,6999.5
https://tabelog.com/en/kyoto/A2601/A260503/26006610/,12499.5
https://tabelog.com/en/kyoto/A2601/A260202/26023438/,4499.5
https://tabelog.com/en/kyoto/A2601/A260201/26002870/,5499.5
https://tabelog.com/en/kyoto/A2601/A260203/26030267/,4499.5
https://tabelog.com/en/kyoto/A2601/A260202/26007432/,8999.5
https://tabelog.com/en/kyoto/A2601/A260201/26031822/,4499.5
https://tabelog.com/en/kyoto/A2601/A260503/26030929/,12499.5
https://tabelog.com/en/kyoto/A2601/A260403/26000809/,34999.5
https://tabelog.com/en/kyoto/A2601/A260302/26033104/,8999.5
https://tabelog.com/en/kyoto/A2601/A260202/26035079/,1499.5
https://tabelog.com/en/kyoto/A2607/A260702/26005334/,3499.5
https://tabelog.com/en/kyoto/A2601/A260201/26037315/,1499.5
https://tabelog.com/en/kyoto/A2601/A260202/26034251/,2499.5
https://tabelog.com/en/kyoto/A2607/A260701/26015706/,3499.5
https://tabelog.com/en/kyoto/A2601/A260201/26029032/,12499.5
https://tabelog.com/en/kyoto/A2601/A260202/26020407/,6999.5
https://tabelog.com/en/kyoto/A2601/A260301/26000249/,17499.5
https://tabelog.com/en/kyoto/A2601/A260603/26003065/,2499.5
https://tabelog.com/en/kyoto/A2601/A260302/26028831/,5499.5
https://tabelog.com/en/kyoto/A2601/A260201/26039526/,2499.5
https://tabelog.com/en/kyoto/A2601/A260503/26026831/,4499.5
https://tabelog.com/en/kyoto/A2608/A260802/26001989/,1499.5
https://tabelog.com/en/kyoto/A2601/A260203/26028090/,12499.5
https://tabelog.com/en/kyoto/A2601/A260302/26024012/,3499.5
https://tabelog.com/en/kyoto/A2601/A260401/26007319/,3499.5
https://tabelog.com/en/kyoto/A2601/A260604/26006438/,3499.5
https://tabelog.com/en/kyoto/A2601/A260201/26020272/,3499.5
https://tabelog.com/en/kyoto/A2607/A260705/26035803/,2499.5
https://tabelog.com/en/kyoto/A2601/A260201/26040317/,5499.5
https://tabelog.com/en/kyoto/A2601/A260201/26032844/,4499.5
https://tabelog.com/en/kyoto/A2601/A260202/26028195/,3499.5
