name,rating,link
Kyoto Sushi Matsumoto,3.50,https://tabelog.com/en/kyoto/A2601/A260101/26038972/
Sushi Tempura Gion Iwai,3.40,https://tabelog.com/en/kyoto/A2601/A260301/26039518/
Kyoto Yakiniku Gyurakutei,3.38,https://tabelog.com/en/kyoto/A2601/A260201/26002583/
Sushi Fukagawa,3.62,https://tabelog.com/en/kyoto/A2601/A260202/26006733/
Kobe Gyuu Kisshoukichi Kyoto Honten,-,https://tabelog.com/en/kyoto/A2601/A260201/26040329/
Kyoto Wagyu Ryouri Isseki Sanchou,3.53,https://tabelog.com/en/kyoto/A2601/A260304/26042130/
Gion Karyo,3.60,https://tabelog.com/en/kyoto/A2601/A260301/26002441/
Hyoto Kyotoekimaehonten,3.51,https://tabelog.com/en/kyoto/A2601/A260101/26031208/
Nijo Kizuki,3.59,https://tabelog.com/en/kyoto/A2601/A260202/26024174/
Gion Shizuka,3.56,https://tabelog.com/en/kyoto/A2601/A260301/26041409/
Hyoto Shijo Karasuma Ten,3.54,https://tabelog.com/en/kyoto/A2601/A260202/26002130/
Steak Teppanyaki Mikura,3.37,https://tabelog.com/en/kyoto/A2601/A260301/26002059/
Gion Yamagishi,3.62,https://tabelog.com/en/kyoto/A2601/A260301/26039228/
Matsusaka Gyuu WHAT'S Kyoto Muromachi Ten,3.39,https://tabelog.com/en/kyoto/A2601/A260202/26004842/
Kyoto Sushi Momonoki,3.50,https://tabelog.com/en/kyoto/A2601/A260101/26039689/
Gion Shoten Kyoto Kawaramachi Honten,3.16,https://tabelog.com/en/kyoto/A2601/A260201/26039792/
Kyoto Tsuyushabu CHIRIRI Hon Ten,3.41,https://tabelog.com/en/kyoto/A2601/A260202/26020754/
Yakiniku Gyusho Shin,3.58,https://tabelog.com/en/kyoto/A2601/A260301/26036119/
Fujiwara,3.62,https://tabelog.com/en/kyoto/A2601/A260301/26001379/
Kyoto Sanjo Haku,3.57,https://tabelog.com/en/kyoto/A2601/A260202/26030697/
Gion Katana,3.16,https://tabelog.com/en/kyoto/A2601/A260301/26041466/
Gion Gyuuzen,3.09,https://tabelog.com/en/kyoto/A2601/A260301/26003500/
0 Byo Lemon Sour Sendai Horumon Yakiniku Sakaba Tokiwatei Sanjo Kiyamachi Ten,3.04,https://tabelog.com/en/kyoto/A2601/A260301/26040469/
Pontocho Sushi Ishi Ya,3.23,https://tabelog.com/en/kyoto/A2601/A260201/26037826/
Fresh Market,3.09,https://tabelog.com/en/kyoto/A2601/A260301/26013607/
Kyoto Minami,3.01,https://tabelog.com/en/kyoto/A2601/A260301/26030521/
Ippin Sakai,3.52,https://tabelog.com/en/kyoto/A2601/A260201/26034508/
Nikuya Kagura,3.57,https://tabelog.com/en/kyoto/A2601/A260202/26020065/
Masuichi Higashi Ten,3.50,https://tabelog.com/en/kyoto/A2601/A260604/26002401/
Onjaku Sakontaro Hon Ten,3.36,https://tabelog.com/en/kyoto/A2601/A260202/26002088/
Ryotei Yachiyo,3.46,https://tabelog.com/en/kyoto/A2601/A260301/26001833/
Gion Suetomo,3.87,https://tabelog.com/en/kyoto/A2601/A260301/26009394/
CICON by NOHGA HOTEL,3.57,https://tabelog.com/en/kyoto/A2601/A260301/26037084/
Gion Nikuryori Oka,3.71,https://tabelog.com/en/kyoto/A2601/A260301/26036578/
Ishibe Koji Mamecha Kyoto,3.45,https://tabelog.com/en/kyoto/A2601/A260301/26001963/
Private rooms Izakaya Hannari Tei Kyoto Ekimae Ten,3.57,https://tabelog.com/en/kyoto/A2601/A260101/26041666/
Gion Tsuzaki,3.19,https://tabelog.com/en/kyoto/A2601/A260301/26016900/
Gion Kaburaya,3.41,https://tabelog.com/en/kyoto/A2601/A260301/26001441/
taishuusukiyakihokuto Shijo Karasuma Ten,3.31,https://tabelog.com/en/kyoto/A2601/A260201/26041985/
Shun Yasai × Kyo Izakaya Hitokuchi,3.05,https://tabelog.com/en/kyoto/A2601/A260201/26036216/
Yakiniku Marutomi Shijo Kawaramachi Ten,3.35,https://tabelog.com/en/kyoto/A2601/A260201/26029233/
Pontocho Robin,3.46,https://tabelog.com/en/kyoto/A2601/A260202/26001889/
Toto 7,3.34,https://tabelog.com/en/kyoto/A2601/A260101/26038128/
Niku Pond,3.18,https://tabelog.com/en/kyoto/A2601/A260202/26036634/
Kyoto Gion Teppanyaki Plancha Ken,3.10,https://tabelog.com/en/kyoto/A2601/A260301/26023389/
Genpin Kyoto Gion Fugu Unagi Kani Ryori,3.06,https://tabelog.com/en/kyoto/A2601/A260301/26002743/
Unagi Yondaime Kikukawa Kyotoekiporutaten,3.26,https://tabelog.com/en/kyoto/A2601/A260101/26036592/
Kobe Gyuu Senmon Ten Kisshoukichi Kawaramachi Sanjo,3.05,https://tabelog.com/en/kyoto/A2601/A260301/26040071/
Pontocho Asari,3.12,https://tabelog.com/en/kyoto/A2601/A260201/26037431/
Platinum Beef,3.31,https://tabelog.com/en/kyoto/A2601/A260301/26022647/
Ihara Da,3.67,https://tabelog.com/en/kyoto/A2601/A260203/26001469/
Machiya Kukan Kyoto Kyo Akari,3.15,https://tabelog.com/en/kyoto/A2601/A260101/26024935/
Gion Motose,3.71,https://tabelog.com/en/kyoto/A2601/A260301/26006494/
Tenichi Kyoto Isetan Ten,3.21,https://tabelog.com/en/kyoto/A2601/A260101/26006121/
Sushi Toku,3.59,https://tabelog.com/en/kyoto/A2601/A260101/26035349/
Kyoto Ekimae Sakaba Jurakudai,3.60,https://tabelog.com/en/kyoto/A2601/A260101/26041195/
Tominokoji Tempura Matsui,3.29,https://tabelog.com/en/kyoto/A2601/A260202/26033471/
Sakana Ryori Agiyao,3.55,https://tabelog.com/en/kyoto/A2601/A260201/26006073/
Japanese cuisine Sakuragawa,3.72,https://tabelog.com/en/kyoto/A2601/A260202/26000659/
Fugu Kani Hamo Kizuki,3.33,https://tabelog.com/en/kyoto/A2601/A260101/26036172/
Kyokaiseki to Yuba Ryori Shozankaku Jei A Ru Kyoto Isetan Ten,3.46,https://tabelog.com/en/kyoto/A2601/A260101/26000784/
Sushi Dokoro Ima,3.57,https://tabelog.com/en/kyoto/A2601/A260401/26023451/
restaurant muni,3.23,https://tabelog.com/en/kyoto/A2601/A260301/26036138/
BENOIT Kyoto Alain Ducasse,3.57,https://tabelog.com/en/kyoto/A2601/A260301/26034036/
Senda,3.59,https://tabelog.com/en/kyoto/A2601/A260501/26038342/
Dining bar  MO-JI,3.23,https://tabelog.com/en/kyoto/A2601/A260301/26032801/
Sumibi Kushiyaki Torito,3.53,https://tabelog.com/en/kyoto/A2601/A260302/26002638/
dining HARIMAYA,3.34,https://tabelog.com/en/kyoto/A2601/A260301/26003135/
Ishiyakijidori Torikura,3.48,https://tabelog.com/en/kyoto/A2601/A260201/26006163/
Teppanyaki Tokiwa,3.50,https://tabelog.com/en/kyoto/A2601/A260202/26001495/
Ryori Ryoshuku Idutsuyasu,3.07,https://tabelog.com/en/kyoto/A2601/A260101/26017739/
shikinouta Kyoto Ekimae Ten,3.13,https://tabelog.com/en/kyoto/A2601/A260101/26038652/
OCTAVAR,3.34,https://tabelog.com/en/kyoto/A2601/A260101/26025629/
NIKUMON Kawaramachi Takeyamachi Ten,3.29,https://tabelog.com/en/kyoto/A2601/A260202/26040878/
Nikuya no Daidokoro Kyoto Kiyamachi Meat,3.07,https://tabelog.com/en/kyoto/A2601/A260201/26025288/
sumiyaki unagi doikatsuman Kinkakuji Ten,3.08,https://tabelog.com/en/kyoto/A2601/A260501/26040795/
Tendan Gionhonten,3.38,https://tabelog.com/en/kyoto/A2601/A260301/26001422/
Shizen Shusai Ichishun,3.23,https://tabelog.com/en/kyoto/A2601/A260101/26038857/
teppanyakikouberoimbetteikyousaien Hanamikoji Ten,-,https://tabelog.com/en/kyoto/A2601/A260301/26041979/
Sakana to Seafood Tomoshibi Second,3.02,https://tabelog.com/en/kyoto/A2601/A260201/26040377/
Stars'n Cacio KYOTO,3.31,https://tabelog.com/en/kyoto/A2601/A260201/26034775/
Hyssop,3.48,https://tabelog.com/en/kyoto/A2601/A260201/26033518/
Oniku to Bistro HaLe Resort Kyoto Kawaramachi Ten,3.29,https://tabelog.com/en/kyoto/A2601/A260201/26027041/
Kyoya THE KIYOMIZU Miyukicho,3.12,https://tabelog.com/en/kyoto/A2601/A260201/26038044/
Kyoto Kanigin Kawaramachi Ten,3.20,https://tabelog.com/en/kyoto/A2601/A260201/26040365/
Kani Kani Land Kyoto Gion Ten,3.23,https://tabelog.com/en/kyoto/A2601/A260301/26040419/
OBENKEI Kyoto Gion Ten,3.14,https://tabelog.com/en/kyoto/A2601/A260301/26040420/
wamon,3.08,https://tabelog.com/en/kyoto/A2601/A260101/26041413/
Kyoto Diner,3.46,https://tabelog.com/en/kyoto/A2601/A260201/26019479/
Kyo Korean Do Ajoshigionhonten,3.51,https://tabelog.com/en/kyoto/A2601/A260301/26041488/
Wagyu Yakiniku Horumon Sankichi Karasuma Honten,3.07,https://tabelog.com/en/kyoto/A2601/A260202/26040165/
Yakiniku Horumo Daigoro,3.25,https://tabelog.com/en/kyoto/A2601/A260301/26024703/
Steak no Don Jujo Shinsembon Ten,3.04,https://tabelog.com/en/kyoto/A2601/A260604/26011649/
CHAPTER THE GRILL,3.20,https://tabelog.com/en/kyoto/A2601/A260202/26037096/
Korean Ryori Shigor,3.04,https://tabelog.com/en/kyoto/A2601/A260101/26029264/
Gion Yuzuki,3.05,https://tabelog.com/en/kyoto/A2601/A260301/26041411/
Miyagawacho Saka,3.55,https://tabelog.com/en/kyoto/A2601/A260301/26007250/
Niku Ryori Yoki,3.01,https://tabelog.com/en/kyoto/A2601/A260201/26039770/
boogaloo cafe Teramachi Ten,3.34,https://tabelog.com/en/kyoto/A2601/A260201/26025890/
Charcoal,3.34,https://tabelog.com/en/kyoto/A2601/A260201/26020006/
Kyouto Chukaryouri Seikaen Keyamachiten,3.02,https://tabelog.com/en/kyoto/A2601/A260301/26041777/
Sakana to Kamameshi Suishin Sain Ten,3.05,https://tabelog.com/en/kyoto/A2601/A260401/26003335/
Kitchen Tomato,3.12,https://tabelog.com/en/kyoto/A2601/A260202/26038603/
Raclette loom,3.14,https://tabelog.com/en/kyoto/A2601/A260201/26038801/
Kuroge Wagyu Tan to Harami Yakiniku Ryu,3.23,https://tabelog.com/en/kyoto/A2601/A260201/26042170/
Niku Mon Shijoomiya Honten,3.37,https://tabelog.com/en/kyoto/A2601/A260203/26024455/
kyounokawabata,3.12,https://tabelog.com/en/kyoto/A2601/A260301/26042226/
Gion Sushi Taku,3.40,https://tabelog.com/en/kyoto/A2601/A260301/26040681/
Kizakura Jiroku Tei,3.27,https://tabelog.com/en/kyoto/A2601/A260301/26001187/
Kyo Gochisou Ishimaru,3.11,https://tabelog.com/en/kyoto/A2601/A260101/26025477/
Kappa Sushi Muko Ten,3.02,https://tabelog.com/en/kyoto/A2607/A260702/26020811/
Private room × Kyo Izakaya Kyojinbei,3.07,https://tabelog.com/en/kyoto/A2601/A260101/26031679/
Hikohachi,3.09,https://tabelog.com/en/kyoto/A2601/A260301/26016449/
genshisumiyakihamaichi Kyoto Ekimae Ten,3.02,https://tabelog.com/en/kyoto/A2601/A260101/26041968/
Omi-gyu Sukiyaki Shabushabu Miyako,3.05,https://tabelog.com/en/kyoto/A2601/A260201/26041499/
Jukusei Yakiniku Pound Shijoomiya Ten,3.06,https://tabelog.com/en/kyoto/A2601/A260203/26023889/
Roast Chicken Dining Yoshida Chicken,3.30,https://tabelog.com/en/kyoto/A2601/A260302/26026321/
la princesse Kyoto,3.25,https://tabelog.com/en/kyoto/A2601/A260202/26035086/
Yakiniku no Meimon Tendan Sain Ten,3.09,https://tabelog.com/en/kyoto/A2601/A260401/26001442/
KOTOWARI,3.32,https://tabelog.com/en/kyoto/A2601/A260201/26035463/
Sakura Cafe Hanon,3.21,https://tabelog.com/en/kyoto/A2601/A260201/26041229/
tori ie bisu,3.12,https://tabelog.com/en/kyoto/A2601/A260201/26041893/
Seafood Izakaya Matsuri 〜Shungyo to Kyo Yasai to Osake no Omise〜,3.06,https://tabelog.com/en/kyoto/A2601/A260201/26024076/
Tankuma Kita Mise Rigaroiyaruhoterukyototen,3.44,https://tabelog.com/en/kyoto/A2601/A260101/26000882/
Yakiniku Riki,3.25,https://tabelog.com/en/kyoto/A2601/A260201/26037000/
Tajimaya Kyotoyodobashiten,3.26,https://tabelog.com/en/kyoto/A2601/A260101/26017013/
Sumibi Yakiniku Yakiniku no Iwa San,3.25,https://tabelog.com/en/kyoto/A2601/A260201/26022036/
SEKAIYA,3.40,https://tabelog.com/en/kyoto/A2601/A260201/26004590/
Taishu Sumibi Yakiton Butta Sain Ten,3.32,https://tabelog.com/en/kyoto/A2601/A260401/26017285/
CLOUD 10,3.08,https://tabelog.com/en/kyoto/A2601/A260202/26035630/
Nikudokoro Danro Kyoto Satocho Ten,3.08,https://tabelog.com/en/kyoto/A2601/A260201/26037613/
Fuyouen Hinabejou Kyobashi Ten,3.08,https://tabelog.com/en/kyoto/A2601/A260301/26032604/
Seiwa So,3.35,https://tabelog.com/en/kyoto/A2601/A260601/26003451/
Fuubito Suuro,3.32,https://tabelog.com/en/kyoto/A2601/A260201/26027706/
Sumibi Yaki Kotepan,3.05,https://tabelog.com/en/kyoto/A2601/A260201/26040680/
Yakiniku Toraji Kyobashi Ten,3.14,https://tabelog.com/en/kyoto/A2601/A260101/26016846/
Kimchi no Mizuno,3.24,https://tabelog.com/en/kyoto/A2601/A260203/26027964/
Shunsai Sengyo Banquet Nishiki.,3.26,https://tabelog.com/en/kyoto/A2601/A260201/26004122/
Gion Sushi Yoshi,3.16,https://tabelog.com/en/kyoto/A2601/A260301/26036304/
hoheto,-,https://tabelog.com/en/kyoto/A2601/A260201/26042586/
sumitokaisentokushiyakitosakanatottotto Shijo Kawaramachi Ten,3.48,https://tabelog.com/en/kyoto/A2601/A260201/26042169/
Sherry Club Kyoto Ishibei Koji,3.52,https://tabelog.com/en/kyoto/A2601/A260301/26007263/
Izakaya Makoto,3.03,https://tabelog.com/en/kyoto/A2601/A260401/26028652/
Gion Roka,3.08,https://tabelog.com/en/kyoto/A2601/A260301/26041424/
Daruma Kyoto Kawaramachi Ten,3.18,https://tabelog.com/en/kyoto/A2601/A260201/26041448/
Pontocho Yakiniku Yamakawa Hon Ten,3.03,https://tabelog.com/en/kyoto/A2601/A260201/26031987/
Osake to Ganjang Miroku,3.25,https://tabelog.com/en/kyoto/A2601/A260601/26036861/
Yakiniku Kappou Amano,3.05,https://tabelog.com/en/kyoto/A2601/A260101/26041700/
Minokichi Shin Hankyu Hoteru Ten,3.37,https://tabelog.com/en/kyoto/A2601/A260101/26000869/
Steak no Don Uji Ten,3.04,https://tabelog.com/en/kyoto/A2607/A260701/26017864/
Trattoria ISUQO,3.22,https://tabelog.com/en/kyoto/A2601/A260201/26033368/
Teramachi Kamoharu,3.37,https://tabelog.com/en/kyoto/A2601/A260201/26040675/
Gyoza Shokudo Maruken Yamashina Ten,3.02,https://tabelog.com/en/kyoto/A2601/A260603/26035363/
Nanzenji Sandou Kikusui,3.59,https://tabelog.com/en/kyoto/A2601/A260301/26028346/
Korean Ryori Anpan,3.26,https://tabelog.com/en/kyoto/A2601/A260202/26007183/
Mikuri Kua,3.08,https://tabelog.com/en/kyoto/A2601/A260201/26041406/
Kyoto Niku Kappou Miyata,3.13,https://tabelog.com/en/kyoto/A2601/A260101/26039467/
Kodawari Tempura to Umai Sakana Kodawariya Fushimi Momoyama Ten,3.10,https://tabelog.com/en/kyoto/A2601/A260601/26030263/
sebun emba-zu,3.12,https://tabelog.com/en/kyoto/A2601/A260202/26041843/
Tendan Katsura Gojo Ten,3.12,https://tabelog.com/en/kyoto/A2601/A260401/26001443/
Niomon Mui,3.66,https://tabelog.com/en/kyoto/A2601/A260301/26036035/
Sumibi Kushiyaki Nabariya,3.15,https://tabelog.com/en/kyoto/A2601/A260302/26031516/
Takasegawa Maki,3.40,https://tabelog.com/en/kyoto/A2601/A260201/26032291/
TRATTORIA ACCA,3.32,https://tabelog.com/en/kyoto/A2601/A260401/26030620/
Nishiki Yamachi Nikushin,3.32,https://tabelog.com/en/kyoto/A2601/A260201/26035568/
Tenka no Yakiniku Daishogun Shijoomiya Ten,3.30,https://tabelog.com/en/kyoto/A2601/A260203/26002935/
Shunsai Dining eーtoko Ya,3.10,https://tabelog.com/en/kyoto/A2601/A260201/26026731/
Tenshin Ranman Kawaramachi Ten,3.40,https://tabelog.com/en/kyoto/A2601/A260201/26038085/
Emba Kyoto Chophouse,3.12,https://tabelog.com/en/kyoto/A2601/A260301/26041311/
Kanga An,3.58,https://tabelog.com/en/kyoto/A2601/A260503/26000619/
KAENZAN,3.02,https://tabelog.com/en/kyoto/A2601/A260201/26041407/
Washoku Uoman Miyakohoteru Kyoto Hachijo Ten,3.33,https://tabelog.com/en/kyoto/A2601/A260101/26033908/
Kamo Ryori Kamo Pato Kyoto,3.12,https://tabelog.com/en/kyoto/A2601/A260101/26040857/
hakonosushi iroakari,3.54,https://tabelog.com/en/kyoto/A2601/A260301/26041771/
Kyoto Sakaba Akamaru,3.25,https://tabelog.com/en/kyoto/A2601/A260201/26021711/
Tokusen Wagyu Yakiniku to Shabushabu Issunboushi Emion Kyoto Ten,3.22,https://tabelog.com/en/kyoto/A2601/A260203/26034967/
Saganoya,3.13,https://tabelog.com/en/kyoto/A2601/A260403/26010803/
Tozanbo Tamanohikari,3.27,https://tabelog.com/en/kyoto/A2601/A260201/26033811/
Gion Ichirinka,3.23,https://tabelog.com/en/kyoto/A2601/A260301/26039016/
mane,3.59,https://tabelog.com/en/kyoto/A2601/A260202/26041109/
Kyoto Yakiniku Nandaimon Shijo Teramachi Ten,3.12,https://tabelog.com/en/kyoto/A2601/A260201/26030403/
Kyo Yakiniku Shin Sentochoten,3.42,https://tabelog.com/en/kyoto/A2601/A260301/26033378/
Teppan to Ate Fufu Shijo Karasuma Ten,3.12,https://tabelog.com/en/kyoto/A2601/A260201/26041637/
Yakiniku Yuen,3.03,https://tabelog.com/en/kyoto/A2601/A260301/26019053/
Pontocho Shisui,3.01,https://tabelog.com/en/kyoto/A2601/A260201/26039602/
Kyoto Mojio Karasuma Ten,3.05,https://tabelog.com/en/kyoto/A2601/A260201/26041037/
Katsugyo Izakaya Marufuku,3.31,https://tabelog.com/en/kyoto/A2601/A260201/26037032/
SCALAE,3.65,https://tabelog.com/en/kyoto/A2601/A260101/26031801/
Ikkakuju Karasuma Ten,3.30,https://tabelog.com/en/kyoto/A2601/A260201/26018057/
yakiniku horomo mmi yamoto,3.01,https://tabelog.com/en/kyoto/A2601/A260401/26041933/
Gokyo Nishijin Honten,3.09,https://tabelog.com/en/kyoto/A2601/A260503/26022937/
Kyokushi Katsu Todoroki,3.12,https://tabelog.com/en/kyoto/A2601/A260301/26038720/
Kyokaiseki Minokichi Hankyu Shijo Kawaramachi Ten,3.12,https://tabelog.com/en/kyoto/A2601/A260201/26002738/
Tori See Takoyakushi Ten,3.37,https://tabelog.com/en/kyoto/A2601/A260202/26026212/
Sazanka Tei Hon Ten,3.05,https://tabelog.com/en/kyoto/A2601/A260202/26004084/
Kyoto Dining Masayoshi,3.44,https://tabelog.com/en/kyoto/A2601/A260201/26027397/
Kyo no Shiki Irodori,3.11,https://tabelog.com/en/kyoto/A2601/A260101/26002874/
Kyogamo to Sake Kamokura,3.23,https://tabelog.com/en/kyoto/A2601/A260201/26041348/
Kagayaki Tei,3.40,https://tabelog.com/en/kyoto/A2601/A260301/26000743/
Kanzan,3.65,https://tabelog.com/en/kyoto/A2601/A260201/26028193/
Private rooms Kukan Sumibi Yakitori Takara Ya Hachijo Guchi Ten,3.09,https://tabelog.com/en/kyoto/A2601/A260101/26006664/
YAMAMURA GYUUBEI Shijoomiya Ten,3.24,https://tabelog.com/en/kyoto/A2601/A260203/26029439/
Shogetsu Kawaramachi Ten,3.19,https://tabelog.com/en/kyoto/A2601/A260201/26004071/
Izakaya Manpukuya Kyoto Kawaramachi Ten,3.22,https://tabelog.com/en/kyoto/A2601/A260202/26040783/
Kashiwa,3.32,https://tabelog.com/en/kyoto/A2601/A260401/26016011/
Yakiniku Aji Doraku,3.19,https://tabelog.com/en/kyoto/A2609/A260902/26008298/
Touen Tei Honten,3.27,https://tabelog.com/en/kyoto/A2601/A260201/26000078/
Yamadaruma,3.07,https://tabelog.com/en/kyoto/A2601/A260202/26004367/
Italian Sakaba COVO,3.16,https://tabelog.com/en/kyoto/A2601/A260202/26038233/
Ittetsu Grazie,3.36,https://tabelog.com/en/kyoto/A2601/A260201/26024556/
Tempura TOHZAN,3.32,https://tabelog.com/en/kyoto/A2601/A260202/26031396/
Kyo French to Teppanyaki En-EN-,3.01,https://tabelog.com/en/kyoto/A2601/A260601/26042000/
Kyoto Yakiniku enen Shijo Kawaramachi Ten,3.36,https://tabelog.com/en/kyoto/A2601/A260201/26036854/
Yakiniku Nishiki Henkotsu,3.37,https://tabelog.com/en/kyoto/A2601/A260201/26006117/
Shokudo Mankichi,3.16,https://tabelog.com/en/kyoto/A2601/A260101/26040632/
tonkatsu taku Kyoto gojyou ten,3.13,https://tabelog.com/en/kyoto/A2601/A260203/26041838/
Gohan to Osake Jinsuke,3.02,https://tabelog.com/en/kyoto/A2601/A260202/26040572/
Imoto Shokai,3.10,https://tabelog.com/en/kyoto/A2601/A260401/26037495/
Kyoto Gyuu Kaiseki Inayoshi,3.46,https://tabelog.com/en/kyoto/A2601/A260202/26016564/
SOI GAENG,3.37,https://tabelog.com/en/kyoto/A2601/A260201/26039406/
Cafe Restaurant Lavender,3.13,https://tabelog.com/en/kyoto/A2601/A260601/26031960/
Kenzo Estate Winery Gion Ten,3.40,https://tabelog.com/en/kyoto/A2601/A260301/26026031/
Ginnan,3.08,https://tabelog.com/en/kyoto/A2601/A260101/26004002/
Yakiniku An Kizashi Kyoto Ekimae Ten,3.13,https://tabelog.com/en/kyoto/A2601/A260101/26029974/
Zuien Tei Hoterumontorekyoto,3.24,https://tabelog.com/en/kyoto/A2601/A260203/26004700/
Kyoya Kiyomizu Kiyamachi,3.43,https://tabelog.com/en/kyoto/A2601/A260201/26023213/
Oumi Yakiniku Horumon Sudaku Kyotohonten,3.08,https://tabelog.com/en/kyoto/A2601/A260401/26035618/
Pontocho Yakiniku Kiraku,3.49,https://tabelog.com/en/kyoto/A2601/A260301/26041041/
Ushi no Hone Hon Ten,3.45,https://tabelog.com/en/kyoto/A2601/A260201/26001079/
Saryo Hassui,3.51,https://tabelog.com/en/kyoto/A2601/A260403/26025347/
Severance,3.41,https://tabelog.com/en/kyoto/A2601/A260301/26038827/
Kyo Washoku Dining Chacha,3.08,https://tabelog.com/en/kyoto/A2601/A260203/26038255/
Unagi Kappou Maehara,3.44,https://tabelog.com/en/kyoto/A2601/A260202/26006371/
Adan Kyotoekiten,3.30,https://tabelog.com/en/kyoto/A2601/A260101/26006548/
Rakuza Hareruya,3.32,https://tabelog.com/en/kyoto/A2601/A260201/26035207/
Gosho Delino,3.34,https://tabelog.com/en/kyoto/A2601/A260302/26035183/
accent Kyoto Kawaramachi,3.31,https://tabelog.com/en/kyoto/A2601/A260201/26039751/
maguronihonshusemmonginjoumaguro Kyoto Shijo Takakura Ten,-,https://tabelog.com/en/kyoto/A2601/A260201/26042396/
Fuji Tora,3.42,https://tabelog.com/en/kyoto/A2601/A260301/26037984/
BURISHO,3.37,https://tabelog.com/en/kyoto/A2601/A260201/26037225/
Iroha Karuta Kyoto Ekimae Ten,3.19,https://tabelog.com/en/kyoto/A2601/A260101/26000792/
Gion Shoga Gyoza Suzuchou,3.20,https://tabelog.com/en/kyoto/A2601/A260301/26040369/
wafuukafekinkouan,3.02,https://tabelog.com/en/kyoto/A2601/A260501/26042305/
Sake to Sakana to Otokomae Shokudo Jiro Sain Ekimae Ten,3.04,https://tabelog.com/en/kyoto/A2601/A260401/26029685/
Taiwan Mazemeshi Shufen,3.08,https://tabelog.com/en/kyoto/A2601/A260201/26040882/
Kyoto Yakiniku Suzuki Pontocho Honten,3.16,https://tabelog.com/en/kyoto/A2601/A260201/26039824/
Bunta,3.01,https://tabelog.com/en/kyoto/A2607/A260702/26006587/
Figueras Karasuma Ten,3.28,https://tabelog.com/en/kyoto/A2601/A260201/26013556/
Wa Akira,3.07,https://tabelog.com/en/kyoto/A2601/A260603/26006253/
GRILL 54TH,3.27,https://tabelog.com/en/kyoto/A2601/A260301/26032413/
Kyo no Tachinomi Dokoro En,3.08,https://tabelog.com/en/kyoto/A2601/A260201/26040668/
Kyogamo Hitsumabushi Kamoshigin,3.31,https://tabelog.com/en/kyoto/A2601/A260201/26039267/
Synager,3.61,https://tabelog.com/en/kyoto/A2601/A260202/26036071/
Sumibi Kazuya,3.35,https://tabelog.com/en/kyoto/A2601/A260201/26019208/
Tenpu Shijo Kawaramachi Tempura to Ate to Wine,3.28,https://tabelog.com/en/kyoto/A2601/A260201/26039752/
Tajimaya Don Kihote Kawaramachi Ten,3.02,https://tabelog.com/en/kyoto/A2601/A260202/26034656/
Tori Sei Kyototawasandoten,3.47,https://tabelog.com/en/kyoto/A2601/A260101/26028812/
Kazamidori Karasumen Rokkaku Ten,3.05,https://tabelog.com/en/kyoto/A2601/A260202/26017489/
Sumika Hon Ten,3.48,https://tabelog.com/en/kyoto/A2601/A260201/26004942/
Kappou Yoshizen,3.56,https://tabelog.com/en/kyoto/A2601/A260301/26000269/
Kushi Ikuzou Kyoto Higashi Mukaibi,3.01,https://tabelog.com/en/kyoto/A2607/A260702/26030076/
Figueras,3.33,https://tabelog.com/en/kyoto/A2601/A260301/26000582/
Tempura Kappo Yano,3.01,https://tabelog.com/en/kyoto/A2601/A260101/26041567/
Teramachi Yoshikura,3.44,https://tabelog.com/en/kyoto/A2601/A260302/26005368/
Eldor,3.14,https://tabelog.com/en/kyoto/A2601/A260503/26003669/
Raiz,3.56,https://tabelog.com/en/kyoto/A2601/A260503/26040257/
Apollo+,3.45,https://tabelog.com/en/kyoto/A2601/A260202/26002988/
Wa French &BAR Le HUBLOT,3.29,https://tabelog.com/en/kyoto/A2601/A260201/26039120/
Il Chianti Kyoto Shijo Muromachi Ten,3.09,https://tabelog.com/en/kyoto/A2601/A260201/26031019/
node,3.40,https://tabelog.com/en/kyoto/A2601/A260201/26033017/
Rakuda Ya,3.27,https://tabelog.com/en/kyoto/A2601/A260401/26012710/
Gyu Kouno,3.29,https://tabelog.com/en/kyoto/A2601/A260302/26032961/
Kyoryori Kiyojirou,3.57,https://tabelog.com/en/kyoto/A2601/A260203/26017844/
Creative Yoru no Tobari,3.12,https://tabelog.com/en/kyoto/A2601/A260201/26041696/
Highball Bar Kyoto Karasuma 1923,3.29,https://tabelog.com/en/kyoto/A2601/A260202/26029875/
Pizzeria Bar Le Napoli Kyoto Nishiki,3.44,https://tabelog.com/en/kyoto/A2601/A260203/26026734/
Sakaba Lemon,3.05,https://tabelog.com/en/kyoto/A2601/A260201/26031115/
Gion Tsubaki,3.42,https://tabelog.com/en/kyoto/A2601/A260301/26027450/
Fushimi 89 Chome Shokudo,3.30,https://tabelog.com/en/kyoto/A2601/A260601/26027026/
Itogen,3.26,https://tabelog.com/en/kyoto/A2601/A260501/26001518/
MATT RESTAURANT2.0,3.09,https://tabelog.com/en/kyoto/A2601/A260201/26041042/
Izutsu ya Sentochoten,3.12,https://tabelog.com/en/kyoto/A2601/A260301/26040481/
Gion Wakou RIN,3.01,https://tabelog.com/en/kyoto/A2601/A260301/26029496/
Shusai Isami,3.10,https://tabelog.com/en/kyoto/A2601/A260301/26031884/
All Day Dining OPEN,3.08,https://tabelog.com/en/kyoto/A2601/A260301/26039917/
京Apollo 新町,3.19,https://tabelog.com/en/kyoto/A2601/A260202/26033333/
Kifune Kiraku,3.50,https://tabelog.com/en/kyoto/A2601/A260502/26000769/
Sumibi Club Yuu,3.05,https://tabelog.com/en/kyoto/A2601/A260301/26039327/
Okonomiyaki Teppanyaki Hinoki,3.25,https://tabelog.com/en/kyoto/A2601/A260201/26029453/
Miyagawacho Tensho,-,https://tabelog.com/en/kyoto/A2601/A260301/26041553/
Pub & Grill 7 TAPS TAVERN Kyoto Eki,3.14,https://tabelog.com/en/kyoto/A2601/A260101/26042306/
Kuroge Wagyu Ittogai Yakiniku to Takitate Donabe Gohan Ichiba Koji Karasuma Ten,3.39,https://tabelog.com/en/kyoto/A2601/A260201/26003035/
Honkaku Sumibi Yaki Unagi En Kyoto Sanjo Ten,3.27,https://tabelog.com/en/kyoto/A2601/A260301/26039633/
Honmaguro to Sosaku Washoku Ginjo Kuraudo Marutacho Ten,3.54,https://tabelog.com/en/kyoto/A2601/A260202/26032229/
Sumiyaki Unafuji Daimaru Kyoto Bettei,3.52,https://tabelog.com/en/kyoto/A2601/A260201/26039719/
Yakinikuya Kei,3.01,https://tabelog.com/en/kyoto/A2601/A260604/26040280/
Warayaki to Mizutaki Aoi,3.40,https://tabelog.com/en/kyoto/A2601/A260301/26034606/
il pozzo,3.34,https://tabelog.com/en/kyoto/A2601/A260202/26013012/
Kiyamachi Sakaba Uomasu,3.07,https://tabelog.com/en/kyoto/A2601/A260301/26033141/
kakure robata y gaburi,3.14,https://tabelog.com/en/kyoto/A2601/A260201/26033399/
Sumi Ginjo,3.29,https://tabelog.com/en/kyoto/A2601/A260203/26034203/
Genka Sakaba Gyutan Keisuke Shijo Karasumaru,3.02,https://tabelog.com/en/kyoto/A2601/A260201/26034877/
Ishiya Uzumasa Ten,3.15,https://tabelog.com/en/kyoto/A2601/A260402/26016798/
Rokudenya Sentocho,3.46,https://tabelog.com/en/kyoto/A2601/A260201/26003016/
Kyoto Arashiyama Goseiyu no Yado Ranzan,3.20,https://tabelog.com/en/kyoto/A2601/A260403/26007651/
Kushi no Bo Kyotoekiten,3.09,https://tabelog.com/en/kyoto/A2601/A260101/26002257/
Tairiki Tei,3.41,https://tabelog.com/en/kyoto/A2601/A260301/26037316/
Steak House Pondo Kyotohonten,3.17,https://tabelog.com/en/kyoto/A2601/A260202/26022499/
Gion Ishiya,3.31,https://tabelog.com/en/kyoto/A2601/A260301/26027616/
Gaya Gaya,3.10,https://tabelog.com/en/kyoto/A2601/A260201/26001576/
Kyoto Umakamon Kyoto Kawaramachi Ten,3.02,https://tabelog.com/en/kyoto/A2601/A260202/26040784/
Seafood Private rooms Izakaya Hitosaji,3.05,https://tabelog.com/en/kyoto/A2601/A260301/26038940/
Yuttari Aburi Gibier to Wine Tanzen,3.31,https://tabelog.com/en/kyoto/A2601/A260201/26019308/
Hinano Kyoto Shi Dobutsuen Ten,3.06,https://tabelog.com/en/kyoto/A2601/A260301/26026136/
Ternura,3.41,https://tabelog.com/en/kyoto/A2601/A260201/26002320/
CBA,-,https://tabelog.com/en/kyoto/A2601/A260201/26035442/
Gihan Ebisudo Sanjo Ten,3.49,https://tabelog.com/en/kyoto/A2601/A260203/26016639/
Kyoya Kiyomizu Giwon Shinbashi,3.06,https://tabelog.com/en/kyoto/A2601/A260301/26028988/
Restaurant Kaibotei,3.08,https://tabelog.com/en/kyoto/A2609/A260902/26015677/
Fujiya,3.22,https://tabelog.com/en/kyoto/A2601/A260201/26001192/
Umai Dokoro Kyotentou,3.07,https://tabelog.com/en/kyoto/A2601/A260401/26034705/
KAZUMA,3.21,https://tabelog.com/en/kyoto/A2601/A260201/26022734/
Pontocho Yakitori Torihara,3.03,https://tabelog.com/en/kyoto/A2601/A260202/26031504/
Gion Nikutei Shin,3.56,https://tabelog.com/en/kyoto/A2601/A260301/26033192/
Yakiniku Ishi Ya Demachi Honten,3.06,https://tabelog.com/en/kyoto/A2601/A260302/26004357/
Okonomiyaki Kyo Chabana Kyoto Minami Shincho Ten,3.14,https://tabelog.com/en/kyoto/A2601/A260101/26013305/
Yakiniku Korean cold noodles Yuchan. Fukuchiyama Ten,3.19,https://tabelog.com/en/kyoto/A2608/A260802/26033344/
Ishiyaki Nama Pasta Kuranosuke,3.43,https://tabelog.com/en/kyoto/A2601/A260401/26021229/
Sakana to Yakitori to Kappo to Totototo,3.53,https://tabelog.com/en/kyoto/A2601/A260401/26040130/
Hakkaisan Kyoto Ekimae Ten,3.20,https://tabelog.com/en/kyoto/A2601/A260101/26041574/
Kyo no Musubime,3.26,https://tabelog.com/en/kyoto/A2601/A260201/26025931/
Wabiya Koreki Do Gion Hanami Koji Honten,3.66,https://tabelog.com/en/kyoto/A2601/A260301/26000850/
Washoku Daifuku Tei,3.00,https://tabelog.com/en/kyoto/A2601/A260301/26040042/
Bar agiyao,3.59,https://tabelog.com/en/kyoto/A2601/A260201/26023262/
Osake to Gohan to Taka,3.12,https://tabelog.com/en/kyoto/A2601/A260201/26041590/
Sushi Tamahime KYOTO,3.25,https://tabelog.com/en/kyoto/A2601/A260101/26041386/
Premium Pon Gion Ten,3.04,https://tabelog.com/en/kyoto/A2601/A260301/26029417/
Pontocho Tanrakuya Toriume,3.09,https://tabelog.com/en/kyoto/A2601/A260201/26020270/
Teppanyaki Loin,3.26,https://tabelog.com/en/kyoto/A2601/A260101/26006063/
Koji Happy Hanten Kyoto Poruta Ten,3.23,https://tabelog.com/en/kyoto/A2601/A260101/26038125/
PIZZA SALVATORE CUOMO & GRILL Kyoto,3.31,https://tabelog.com/en/kyoto/A2601/A260201/26006433/
Kyoto Kara-age Senmonten Kai,3.20,https://tabelog.com/en/kyoto/A2608/A260801/26035563/
Gyuso Marunaka Otokoyama Ten,3.35,https://tabelog.com/en/kyoto/A2607/A260702/26014750/
Taro,3.17,https://tabelog.com/en/kyoto/A2601/A260202/26008013/
Teppan to Nikomi Donpisha,3.42,https://tabelog.com/en/kyoto/A2601/A260201/26039329/
Tenpu Tempura to Ate to Wine Shijo Karasuma Ten,3.35,https://tabelog.com/en/kyoto/A2601/A260201/26037928/
Restaurant Zen,3.13,https://tabelog.com/en/kyoto/A2601/A260401/26017258/
kogamo,3.17,https://tabelog.com/en/kyoto/A2601/A260201/26025700/
Kyoto Suehiro Gari,3.38,https://tabelog.com/en/kyoto/A2601/A260202/26034037/
Sosaku Kushikatsu Narinari,3.23,https://tabelog.com/en/kyoto/A2601/A260101/26037464/
Gi Han Gyoza,3.42,https://tabelog.com/en/kyoto/A2601/A260202/26037415/
Kyoya Kiyomizu Nishikofuyacho,3.23,https://tabelog.com/en/kyoto/A2601/A260201/26039036/
Izakaya Maruya Shijo Kiyamachi Ten,3.06,https://tabelog.com/en/kyoto/A2601/A260201/26023479/
Raicho Jinja,3.16,https://tabelog.com/en/kyoto/A2601/A260101/26038202/
Matakichi,3.23,https://tabelog.com/en/kyoto/A2601/A260301/26037582/
Osake to Oryori Kiharu,3.05,https://tabelog.com/en/kyoto/A2601/A260301/26040281/
KORAN,3.30,https://tabelog.com/en/kyoto/A2601/A260401/26018066/
Monaka Do,3.28,https://tabelog.com/en/kyoto/A2601/A260201/26013633/
Mimaderi,3.31,https://tabelog.com/en/kyoto/A2601/A260202/26006651/
Kyoto Kushidokoro Azumaya,3.06,https://tabelog.com/en/kyoto/A2601/A260201/26017694/
koubegyuuteppanyakigionnoichi,3.01,https://tabelog.com/en/kyoto/A2601/A260301/26042157/
Gyokou Chokusou Ryoushi Goya Kyotoabantiten,3.08,https://tabelog.com/en/kyoto/A2601/A260101/26041511/
Reggae no Izakaya Rasta,3.06,https://tabelog.com/en/kyoto/A2601/A260301/26000633/
CRAFT BEER&KYOTO ITALIAN 100K,3.33,https://tabelog.com/en/kyoto/A2601/A260101/26040089/
Kyono Tamaya,3.09,https://tabelog.com/en/kyoto/A2601/A260202/26023252/
koshitsuyakitoridashigyouzatoriryouritabenomihoudaitorinotoriko Kyoto Kawaramachi Ten,3.01,https://tabelog.com/en/kyoto/A2601/A260301/26042442/
Gibier no Nabariya,3.35,https://tabelog.com/en/kyoto/A2601/A260201/26037215/
honkakuyakinikuyakisuki,3.05,https://tabelog.com/en/kyoto/A2601/A260401/26042272/
Sandaime Torimero Shijo Karasuma Ten,3.03,https://tabelog.com/en/kyoto/A2601/A260201/26029065/
Sandaime Torimero Fushimi Momoyama Ten,3.03,https://tabelog.com/en/kyoto/A2601/A260601/26030425/
Koryouri Takaya,3.63,https://tabelog.com/en/kyoto/A2601/A260101/26027640/
Imo Matsu Kiyamachi Ten,3.17,https://tabelog.com/en/kyoto/A2601/A260301/26003950/
Korean Yatai Ryori to Nakkopuse no Omise Namu Sain Ten,3.23,https://tabelog.com/en/kyoto/A2601/A260401/26035357/
Retro Sakaba Center Fry,3.05,https://tabelog.com/en/kyoto/A2601/A260202/26038312/
Kiwami saredo French Toast Cafe,3.32,https://tabelog.com/en/kyoto/A2601/A260101/26037635/
setsu,3.32,https://tabelog.com/en/kyoto/A2601/A260202/26039425/
Kyoto Gion Unagi Yondaime Kikukawa,3.36,https://tabelog.com/en/kyoto/A2601/A260201/26039727/
Yakinikuya Taisho,3.01,https://tabelog.com/en/kyoto/A2601/A260201/26031384/
YOSHIYA,3.36,https://tabelog.com/en/kyoto/A2601/A260201/26029491/
Yakitori no Waraiya,3.33,https://tabelog.com/en/kyoto/A2601/A260201/26004453/
T's cafe Kyoto,3.07,https://tabelog.com/en/kyoto/A2601/A260203/26037038/
saredo Kafe & Dining Kyoto Ten,3.45,https://tabelog.com/en/kyoto/A2601/A260101/26024067/
KYOTO GATTEN,3.18,https://tabelog.com/en/kyoto/A2601/A260201/26029623/
SOUL&FOOD Mookie,3.17,https://tabelog.com/en/kyoto/A2601/A260201/26037211/
Osusume Ya Kyoto Kawaramachi Ten,3.05,https://tabelog.com/en/kyoto/A2601/A260301/26040388/
Tempura to Wine Kojima Kyobashi Ten,3.22,https://tabelog.com/en/kyoto/A2601/A260101/26037350/
Nostalgia,3.35,https://tabelog.com/en/kyoto/A2601/A260202/26001931/
Minmin Sanjo Ohashi Ten,3.24,https://tabelog.com/en/kyoto/A2601/A260301/26002148/
Gion 245,3.66,https://tabelog.com/en/kyoto/A2601/A260301/26018705/
Tachinomi Torizuki,3.42,https://tabelog.com/en/kyoto/A2601/A260201/26039075/
Aji no Mise Kyo wa Sai,3.16,https://tabelog.com/en/kyoto/A2601/A260301/26041020/
Yuju Fudan,3.30,https://tabelog.com/en/kyoto/A2601/A260201/26041472/
ishiyaki isshan Kyoto Ekimae Ten,3.08,https://tabelog.com/en/kyoto/A2601/A260101/26000990/
C.STAND Kyoto Kawaramachi Ten,3.08,https://tabelog.com/en/kyoto/A2601/A260201/26041316/
Kagono Ya Kyotorisachipakuten,3.05,https://tabelog.com/en/kyoto/A2601/A260203/26035646/
gionemon,3.05,https://tabelog.com/en/kyoto/A2601/A260202/26042019/
Kyotoen Mine,3.05,https://tabelog.com/en/kyoto/A2601/A260203/26041548/
Sakaba Memory,3.20,https://tabelog.com/en/kyoto/A2601/A260201/26039935/
Hamburg Conel,3.46,https://tabelog.com/en/kyoto/A2601/A260201/26034922/
robatatoodenkoronagirai Kyoto Ekimae Ten,-,https://tabelog.com/en/kyoto/A2601/A260101/26042617/
Spanish Shokudo La Farola,3.14,https://tabelog.com/en/kyoto/A2601/A260302/26040793/
Gion Shinbashi Nakatani,3.37,https://tabelog.com/en/kyoto/A2601/A260301/26026513/
Budo Ya Ethnic,3.25,https://tabelog.com/en/kyoto/A2601/A260201/26032611/
Ebi Bar Kitchen origami,3.04,https://tabelog.com/en/kyoto/A2601/A260201/26031543/
Casual Tempura Endo Kyoto Kawaramachi Garden Ten,3.16,https://tabelog.com/en/kyoto/A2601/A260201/26039443/
Genka Bistro Cheese Plus Kyotoekitawamae,3.27,https://tabelog.com/en/kyoto/A2601/A260101/26034582/
Sosaku Private rooms Izakaya Sugiura Kyoto Eki Mae Shichijo Ten,3.11,https://tabelog.com/en/kyoto/A2601/A260101/26024844/
Sofudo Ushinohone,3.37,https://tabelog.com/en/kyoto/A2601/A260301/26029331/
Tori Chuu,3.06,https://tabelog.com/en/kyoto/A2601/A260603/26029352/
Kodaiji Tantra,3.05,https://tabelog.com/en/kyoto/A2601/A260301/26040960/
Tatsumi,3.03,https://tabelog.com/en/kyoto/A2601/A260401/26002866/
Kihara,3.22,https://tabelog.com/en/kyoto/A2601/A260202/26014952/
tachiyaki niku nanashi,3.12,https://tabelog.com/en/kyoto/A2601/A260301/26041937/
Fuku Kitaru,3.14,https://tabelog.com/en/kyoto/A2601/A260301/26039106/
Yakiniku Daisen,3.21,https://tabelog.com/en/kyoto/A2601/A260203/26002402/
epice,3.46,https://tabelog.com/en/kyoto/A2601/A260302/26005078/
OTOMO KYOTO,3.08,https://tabelog.com/en/kyoto/A2601/A260501/26041132/
Irori Yaki Vancouver,3.17,https://tabelog.com/en/kyoto/A2601/A260101/26041093/
Kyoto Fushimi Gura Pontocho Minami An,3.22,https://tabelog.com/en/kyoto/A2601/A260201/26025332/
yakiniku dokoro hishiya,3.08,https://tabelog.com/en/kyoto/A2601/A260501/26041193/
Genka Sakaba Gyutan Keisuke Kyoto Ekimae Ten,3.03,https://tabelog.com/en/kyoto/A2601/A260101/26023755/
Kyokaiseki Minokichi Takeshigerou Hotel Granvia Kyoto Ten,3.08,https://tabelog.com/en/kyoto/A2601/A260101/26035757/
Kuimono Ya Wan Sain Ekimae Ten,3.02,https://tabelog.com/en/kyoto/A2601/A260401/26019801/
Brochette,3.40,https://tabelog.com/en/kyoto/A2601/A260202/26016935/
Tachinomi Zakiyama,3.32,https://tabelog.com/en/kyoto/A2601/A260201/26039945/
Gion Sumibiyaki Kyo Asobi,3.18,https://tabelog.com/en/kyoto/A2601/A260301/26032233/
Sumibi Yaki Shubo Suishin,3.19,https://tabelog.com/en/kyoto/A2601/A260201/26024504/
Yakiniku Dokoro Kanae KANAE,3.29,https://tabelog.com/en/kyoto/A2601/A260601/26013631/
Zoronpa,3.17,https://tabelog.com/en/kyoto/A2601/A260302/26006149/
BENJAMIN STEAK HOUSE Kyoto,3.66,https://tabelog.com/en/kyoto/A2601/A260201/26031586/
DiningCafe＆Bar ADACHIYA,3.01,https://tabelog.com/en/kyoto/A2601/A260202/26040544/
Kushiya Monogatari Ionmo-Ru Kyoto Gojo Ten,3.02,https://tabelog.com/en/kyoto/A2601/A260401/26016701/
Korean Izakaya Hana,3.12,https://tabelog.com/en/kyoto/A2601/A260603/26040421/
Tobei An,3.30,https://tabelog.com/en/kyoto/A2601/A260201/26030537/
Manzara Donguribashi,3.33,https://tabelog.com/en/kyoto/A2601/A260201/26000898/
bistro Chic,3.57,https://tabelog.com/en/kyoto/A2601/A260503/26030101/
Sohonke Mama Saikan Rikka,3.27,https://tabelog.com/en/kyoto/A2601/A260302/26034608/
Téori,3.08,https://tabelog.com/en/kyoto/A2601/A260202/26041785/
BRON RONNERY,3.48,https://tabelog.com/en/kyoto/A2601/A260202/26005684/
kyoutoshijousakabashinsei,-,https://tabelog.com/en/kyoto/A2601/A260201/26042566/
Daniel's,3.45,https://tabelog.com/en/kyoto/A2601/A260202/26000929/
Sushi Nakamura,3.07,https://tabelog.com/en/kyoto/A2601/A260301/26028432/
Semaul Shokudo Kawaramachi Ten,3.29,https://tabelog.com/en/kyoto/A2601/A260201/26037317/
Pontocho Suzu,3.05,https://tabelog.com/en/kyoto/A2601/A260301/26041690/
Mescita Pane e Vino,3.59,https://tabelog.com/en/kyoto/A2601/A260202/26025955/
Suginoko Tei,3.21,https://tabelog.com/en/kyoto/A2601/A260301/26000242/
Harebare,3.12,https://tabelog.com/en/kyoto/A2601/A260101/26037952/
Kyoto Ki Shin,3.52,https://tabelog.com/en/kyoto/A2601/A260501/26031180/
ERUTAN RESTAURANT BAR,3.47,https://tabelog.com/en/kyoto/A2601/A260201/26033315/
Kyo o Ajiwau Private rooms Kukan Uguisu Kyoto Ekimae Ten,3.19,https://tabelog.com/en/kyoto/A2601/A260101/26028830/
Yakiniku Marukyu,3.10,https://tabelog.com/en/kyoto/A2601/A260302/26025117/
Mikuri,3.65,https://tabelog.com/en/kyoto/A2601/A260202/26025729/
Matsusaka Ushi Yakiniku no GANSAN Sattomachi Bettei,3.15,https://tabelog.com/en/kyoto/A2601/A260201/26032602/
Miho Shijo Mibu Ten,3.30,https://tabelog.com/en/kyoto/A2601/A260203/26002163/
Gochi Ya,3.16,https://tabelog.com/en/kyoto/A2601/A260101/26002315/
Umai Sakana to Kyo Banzai Hanato,3.08,https://tabelog.com/en/kyoto/A2601/A260201/26036360/
The Mimasu Ya,3.37,https://tabelog.com/en/kyoto/A2601/A260301/26004114/
Sumikushi Manten Kyoto Ekimae Ten,3.16,https://tabelog.com/en/kyoto/A2601/A260101/26035913/
TSUNKU,3.08,https://tabelog.com/en/kyoto/A2601/A260101/26036850/
Tajimaya Ionmo-Ru Kyoto Ten,3.10,https://tabelog.com/en/kyoto/A2601/A260101/26028128/
BISTRO BAR A VIN  C,3.40,https://tabelog.com/en/kyoto/A2601/A260201/26020347/
Jean-Georges at The Shinmonzen,3.16,https://tabelog.com/en/kyoto/A2601/A260301/26039077/
Sumibi Yakiniku Oyake Sen,3.16,https://tabelog.com/en/kyoto/A2601/A260201/26038750/
Kyoya Kiyomizu Yanagibaba Honke,3.42,https://tabelog.com/en/kyoto/A2601/A260201/26016279/
All Day Dining Rajou,3.46,https://tabelog.com/en/kyoto/A2601/A260101/26000879/
Cafe & Dining HANA Mukou,3.32,https://tabelog.com/en/kyoto/A2607/A260702/26035719/
OLU BURGER KYOTO,3.46,https://tabelog.com/en/kyoto/A2601/A260202/26034909/
kakuregasakabatomoshibisadokaisentosumibitoriyaki,-,https://tabelog.com/en/kyoto/A2601/A260201/26042556/
Arashiyama Kushibun,3.29,https://tabelog.com/en/kyoto/A2601/A260201/26014910/
Masoho Hanare,3.26,https://tabelog.com/en/kyoto/A2601/A260101/26020589/
Yuba Ryori Kameya Honke,3.15,https://tabelog.com/en/kyoto/A2601/A260203/26015624/
Karasuma DUE,3.43,https://tabelog.com/en/kyoto/A2601/A260202/26006320/
Sakaba Kurasu,3.08,https://tabelog.com/en/kyoto/A2601/A260604/26035678/
Teppan Sakuwan,3.21,https://tabelog.com/en/kyoto/A2601/A260401/26030558/
Trattoria La Pace,3.46,https://tabelog.com/en/kyoto/A2601/A260202/26013067/
KICHIRI Kyoto Sanjo,3.08,https://tabelog.com/en/kyoto/A2601/A260202/26036730/
KazeEda,3.38,https://tabelog.com/en/kyoto/A2601/A260201/26004096/
Ryoma Shamo Nojo Kyoto Ekimae Ten,3.07,https://tabelog.com/en/kyoto/A2601/A260101/26022735/
Pontocho Shabushabu Sukiyaki Kiraku,3.14,https://tabelog.com/en/kyoto/A2601/A260201/26041019/
Korean Minamiya,3.37,https://tabelog.com/en/kyoto/A2601/A260201/26020740/
Kyo Chanko-nabe Seafood Izakaya Edo Jiman Beya,3.01,https://tabelog.com/en/kyoto/A2601/A260201/26031255/
Juju,3.19,https://tabelog.com/en/kyoto/A2601/A260101/26006037/
Masoho 3B,3.20,https://tabelog.com/en/kyoto/A2601/A260201/26039065/
Bar MICHIya,3.53,https://tabelog.com/en/kyoto/A2601/A260301/26006716/
Jukusei Sashimi to Umai Sake Hitoshio,3.22,https://tabelog.com/en/kyoto/A2601/A260202/26030747/
Pepper,3.19,https://tabelog.com/en/kyoto/A2601/A260201/26005274/
Kyo Gushi,3.08,https://tabelog.com/en/kyoto/A2601/A260101/26041671/
Sumibi to Wine Kyoto Kawaramachi Ten,3.25,https://tabelog.com/en/kyoto/A2601/A260201/26033372/
DODICI,3.71,https://tabelog.com/en/kyoto/A2601/A260202/26035328/
Taishu Sakaba Ten Uzumasa Tenjingawa Ten,3.04,https://tabelog.com/en/kyoto/A2601/A260402/26027891/
Teppan Izakaya Futaba,3.05,https://tabelog.com/en/kyoto/A2601/A260201/26039436/
Teppan Izakaya Teppou,3.06,https://tabelog.com/en/kyoto/A2607/A260702/26007965/
OndoriO,3.23,https://tabelog.com/en/kyoto/A2601/A260301/26040760/
OICHO,3.39,https://tabelog.com/en/kyoto/A2601/A260201/26013891/
Wine to Kushikatsu Kopan Sentochoten,3.34,https://tabelog.com/en/kyoto/A2601/A260201/26002646/
Sumibi to Wine Karasuma Ten,3.36,https://tabelog.com/en/kyoto/A2601/A260201/26030965/
Nikushou Geihinkan Seika Cho Ten,3.20,https://tabelog.com/en/kyoto/A2607/A260705/26038632/
Kumamoto Sogo Inshokuten MAO,3.48,https://tabelog.com/en/kyoto/A2601/A260202/26023015/
Niku no Yoichi Fushimi Momoyama Ten,3.04,https://tabelog.com/en/kyoto/A2601/A260601/26040303/
Lino,3.62,https://tabelog.com/en/kyoto/A2601/A260202/26029038/
Kyo Suiran,3.59,https://tabelog.com/en/kyoto/A2601/A260403/26025328/
Shaolongbao Tsutsumi Shinichi Tsutsumi Shinichi,3.46,https://tabelog.com/en/kyoto/A2601/A260101/26035257/
Sumibi Seafood Shuka Rakurin Kyoto Minaminta- Takeda Ten,3.11,https://tabelog.com/en/kyoto/A2601/A260601/26006387/
KYOTO KITAYAMA MONOLITH,3.30,https://tabelog.com/en/kyoto/A2601/A260303/26005618/
O ・ Mo ・ Ya Higashidoin,3.40,https://tabelog.com/en/kyoto/A2601/A260201/26006319/
Gourmet Ria Tajima Uji Ten,3.50,https://tabelog.com/en/kyoto/A2607/A260701/26003049/
Niku no Sho Yuyuan,3.01,https://tabelog.com/en/kyoto/A2601/A260201/26035677/
The Kitchen Salvatore Cuomo Kyoto,3.49,https://tabelog.com/en/kyoto/A2601/A260101/26001972/
Hareluya,3.22,https://tabelog.com/en/kyoto/A2601/A260603/26025179/
Kyo Ajiwa,3.05,https://tabelog.com/en/kyoto/A2601/A260301/26037241/
yakinikuhorumonkindon,-,https://tabelog.com/en/kyoto/A2601/A260604/26042041/
INDEPENDANTS,3.46,https://tabelog.com/en/kyoto/A2601/A260201/26000164/
Nabe to Shunsai to Kyoryori Karyu,3.38,https://tabelog.com/en/kyoto/A2601/A260201/26017661/
Sosaku Chuka Ichino Funairi,3.61,https://tabelog.com/en/kyoto/A2601/A260202/26002657/
Roji-oku,3.47,https://tabelog.com/en/kyoto/A2601/A260201/26034554/
Italian BAR KIMURAYA Kyoto Ekimae Ten,3.38,https://tabelog.com/en/kyoto/A2601/A260101/26023753/
mushitoatefuxufuxu Karasuma Rokkaku Ten,-,https://tabelog.com/en/kyoto/A2601/A260202/26042560/
Roppakuya KADO,3.24,https://tabelog.com/en/kyoto/A2601/A260203/26023216/
Tenjuen,3.31,https://tabelog.com/en/kyoto/A2601/A260401/26008235/
Yakiniku Okumura,3.12,https://tabelog.com/en/kyoto/A2601/A260203/26038460/
Ganso Chijimi no Ousama,3.46,https://tabelog.com/en/kyoto/A2601/A260604/26007209/
Tajima Tei,3.37,https://tabelog.com/en/kyoto/A2601/A260601/26002411/
Tendan The Dining Yamashina Ten,3.17,https://tabelog.com/en/kyoto/A2601/A260603/26001444/
Koori to Kunsei Entotsu KYOTO,3.39,https://tabelog.com/en/kyoto/A2601/A260201/26036124/
Oyogi Ika to Gyoza Sakaba Haneya Kyoto Sain Ten,3.01,https://tabelog.com/en/kyoto/A2601/A260401/26036767/
neosakabadanran,-,https://tabelog.com/en/kyoto/A2601/A260604/26042544/
sumibiyakitoritohitokuchigyouzatoratoriya Shijo Kawaramachi Ten,3.20,https://tabelog.com/en/kyoto/A2601/A260201/26042171/
Ikedaya Hanano Mai,3.04,https://tabelog.com/en/kyoto/A2601/A260202/26013306/
Kyokaiseki Minokichi Karasumashiyo Ten,3.07,https://tabelog.com/en/kyoto/A2601/A260201/26003077/
Tsuyu Shabu CHIRIRI Shijo Karasuma Bettei,3.14,https://tabelog.com/en/kyoto/A2601/A260201/26041633/
kyoumeshi tokoro tonjiru semmonten shigechan,3.12,https://tabelog.com/en/kyoto/A2601/A260202/26041906/
Nouvelle Epoque Hotel Oakura Kyoto Okazaki Bettei,3.29,https://tabelog.com/en/kyoto/A2601/A260301/26037052/
To Shijo Karasuma Ten,3.07,https://tabelog.com/en/kyoto/A2601/A260201/26041815/
Sake to Sakana to Warayaki Wadatsumi,3.08,https://tabelog.com/en/kyoto/A2601/A260201/26039650/
Furaibo Kyotoabantiten,3.05,https://tabelog.com/en/kyoto/A2601/A260101/26041484/
Comida Latina COSTA,3.38,https://tabelog.com/en/kyoto/A2601/A260202/26025044/
Ishigama Bar CENTRO,3.29,https://tabelog.com/en/kyoto/A2601/A260101/26020436/
gionsumiyakikamorabo,3.05,https://tabelog.com/en/kyoto/A2601/A260301/26042135/
Planetarium Cafe&Bar Misora,3.14,https://tabelog.com/en/kyoto/A2601/A260301/26037831/
Gosho Minami Kinpachi,3.01,https://tabelog.com/en/kyoto/A2601/A260201/26041941/
Sake to Sakana to Ryugen,3.09,https://tabelog.com/en/kyoto/A2601/A260202/26035154/
Kameya Nishi Ten,3.08,https://tabelog.com/en/kyoto/A2601/A260401/26002205/
Take Tori,3.09,https://tabelog.com/en/kyoto/A2601/A260402/26003461/
Hassaku,3.22,https://tabelog.com/en/kyoto/A2601/A260201/26034551/
Obanzai Sakuragawa,3.27,https://tabelog.com/en/kyoto/A2601/A260201/26034022/
Craft Beer Sakaba Tap House Fushimi,3.14,https://tabelog.com/en/kyoto/A2601/A260601/26039880/
Janoku BBQ & Nabe Jajan Kara Kyodai Box Ten,-,https://tabelog.com/en/kyoto/A2601/A260302/26040396/
Seafood Izakaya Kyoto Han no Mai Chuogu Chikimae Ten,3.02,https://tabelog.com/en/kyoto/A2601/A260101/26020960/
Niku Tei Yuhi,3.20,https://tabelog.com/en/kyoto/A2601/A260202/26037594/
ELOVE,3.41,https://tabelog.com/en/kyoto/A2601/A260201/26036532/
Gion Takezushi,3.14,https://tabelog.com/en/kyoto/A2601/A260301/26000121/
Jukusei Yakiniku Pound Kyoto Ekimae Ten,3.08,https://tabelog.com/en/kyoto/A2601/A260101/26026641/
ushinokushitodashimubou Sanjo Kiyamachi Ten,-,https://tabelog.com/en/kyoto/A2601/A260202/26042076/
Seafood Tokidoki Buta,3.27,https://tabelog.com/en/kyoto/A2601/A260201/26033989/
Yakiton Kemuri,3.30,https://tabelog.com/en/kyoto/A2601/A260401/26038111/
bar HIGH CENTRAL,3.05,https://tabelog.com/en/kyoto/A2601/A260101/26039497/
MEAT UP,3.18,https://tabelog.com/en/kyoto/A2601/A260101/26039588/
Yakitori Kamameshi Iroha Karuta Kiyachohonten,3.17,https://tabelog.com/en/kyoto/A2601/A260301/26001139/
Cheese to Nama Hachimitsu BeNe Kyoto Kawaramachi Ten,3.26,https://tabelog.com/en/kyoto/A2601/A260201/26036292/
Cheers Kitchen KYOTO,3.08,https://tabelog.com/en/kyoto/A2601/A260201/26042584/
WINE BISTRO by plein Kyoto Gion,3.12,https://tabelog.com/en/kyoto/A2601/A260201/26040842/
accent lingerie,3.02,https://tabelog.com/en/kyoto/A2601/A260201/26041988/
Nihonshu Sumiyakiya Iki,3.34,https://tabelog.com/en/kyoto/A2601/A260601/26022945/
Il Chianti Kyoto Kawaramachi Sanjo Ten,3.13,https://tabelog.com/en/kyoto/A2601/A260301/26030761/
Kin no Tori Kyotoekihonten,3.02,https://tabelog.com/en/kyoto/A2601/A260604/26019150/
Gyushabu Gyusuki All you can eat Tajimaya Shijo Kawaramachi Ten,3.06,https://tabelog.com/en/kyoto/A2601/A260201/26029141/
Ryu An,3.37,https://tabelog.com/en/kyoto/A2601/A260301/26023217/
Yamori Do,3.48,https://tabelog.com/en/kyoto/A2601/A260601/26032552/
Kyo no Sake Sora,3.27,https://tabelog.com/en/kyoto/A2601/A260101/26040514/
Gion Bistro Maruhashi,3.53,https://tabelog.com/en/kyoto/A2601/A260301/26024607/
Donguri Shijoomiya Ten,3.16,https://tabelog.com/en/kyoto/A2601/A260203/26026992/
IL LAGO,3.37,https://tabelog.com/en/kyoto/A2601/A260202/26029884/
Tenka no Yakiniku Daishogun Kyoto Ekimae Ten,3.29,https://tabelog.com/en/kyoto/A2601/A260101/26012982/
Yakiniku Nonki,3.25,https://tabelog.com/en/kyoto/A2601/A260603/26001038/
ajiromanishigamatei,-,https://tabelog.com/en/kyoto/A2601/A260201/26042453/
Kyogoku Kaneyo,3.49,https://tabelog.com/en/kyoto/A2601/A260201/26001330/
Shoku Kyoto Ogawa Shoyaku Restaurant,3.33,https://tabelog.com/en/kyoto/A2601/A260203/26040836/
Teppan Sakaba Chacha Stand,3.05,https://tabelog.com/en/kyoto/A2601/A260101/26036933/
BENJAMIN GRILL KYOTO,3.22,https://tabelog.com/en/kyoto/A2601/A260201/26033869/
wagyuunikuryourimatsugasakihirari,-,https://tabelog.com/en/kyoto/A2601/A260503/26042238/
Nagomi Ren Karasuma Ten,3.09,https://tabelog.com/en/kyoto/A2601/A260201/26004664/
Taishu Sakaba Woniwa Kawaramachi Ten,3.51,https://tabelog.com/en/kyoto/A2601/A260301/26040644/
Suishin Kyoto Ekimae Ten,3.34,https://tabelog.com/en/kyoto/A2601/A260101/26002762/
Tori Sakana Kyoto Kawaramachi Ten,3.00,https://tabelog.com/en/kyoto/A2601/A260201/26041504/
Sumika Tomi Koji Ten,3.51,https://tabelog.com/en/kyoto/A2601/A260201/26013971/
kaisentosumiyakinagi,3.05,https://tabelog.com/en/kyoto/A2601/A260201/26042417/
Gion Hanamai,3.05,https://tabelog.com/en/kyoto/A2601/A260301/26028803/
Pontocho Sushi Yoshino,3.16,https://tabelog.com/en/kyoto/A2601/A260301/26036657/
Kyoto Gohan Amami no Keihan Komoto,3.29,https://tabelog.com/en/kyoto/A2601/A260201/26036883/
Café Haleine,3.08,https://tabelog.com/en/kyoto/A2601/A260201/26041545/
Kyo no Yakiniku Dokoro Renzou,3.27,https://tabelog.com/en/kyoto/A2601/A260202/26040169/
Kyomachiya no Kuroge Wagyu Ittogai Yakiniku Ichiba Koji Kiyamachi Ten,3.26,https://tabelog.com/en/kyoto/A2601/A260201/26032274/
Tsuda Ro,3.42,https://tabelog.com/en/kyoto/A2601/A260301/26017371/
LOTUS,3.35,https://tabelog.com/en/kyoto/A2601/A260201/26006718/
Kyoryori Takeshima ICHIGO,3.37,https://tabelog.com/en/kyoto/A2601/A260202/26001167/
Kyo Sakaba Danran,3.28,https://tabelog.com/en/kyoto/A2601/A260401/26041636/
Teppan Dining Kyoshikian,3.11,https://tabelog.com/en/kyoto/A2601/A260201/26004833/
Kyoto Sushi no Kura,3.60,https://tabelog.com/en/kyoto/A2601/A260301/26040978/
Yoichi Teki Tenshin Sakaba Hao Miyukicho Ten,3.35,https://tabelog.com/en/kyoto/A2601/A260201/26035102/
Daniel's Luce,3.30,https://tabelog.com/en/kyoto/A2601/A260101/26029709/
Gyukaku Kameoka Ten,3.00,https://tabelog.com/en/kyoto/A2608/A260801/26031656/
Yasai Dining Kusushi,3.09,https://tabelog.com/en/kyoto/A2601/A260201/26022137/
Beer Thirty Kyoto Kawaramachi Ten,3.24,https://tabelog.com/en/kyoto/A2601/A260202/26003692/
Aoba,3.05,https://tabelog.com/en/kyoto/A2601/A260203/26015310/
Shishi Ou,3.14,https://tabelog.com/en/kyoto/A2601/A260203/26006596/
Kappo Saraku,3.07,https://tabelog.com/en/kyoto/A2601/A260202/26018234/
SCHOLE Umekojiten,3.34,https://tabelog.com/en/kyoto/A2601/A260101/26038973/
Gyukaku Uji Makishima Ten,3.02,https://tabelog.com/en/kyoto/A2607/A260701/26030262/
Nagamegawa Pontocho Hana,3.41,https://tabelog.com/en/kyoto/A2601/A260202/26015620/
Wagyu Ryotei Bungo,3.18,https://tabelog.com/en/kyoto/A2601/A260203/26034013/
Nijojou Soba Tatsu Ichi,3.35,https://tabelog.com/en/kyoto/A2601/A260203/26034553/
Roti Chicken & Jackie Tacos,3.46,https://tabelog.com/en/kyoto/A2601/A260201/26025041/
sushi ginza onodera Four seasons hotel kyoto ten,3.05,https://tabelog.com/en/kyoto/A2601/A260301/26041964/
Sumiyaki Toritaka,3.31,https://tabelog.com/en/kyoto/A2601/A260302/26025423/
Gion Yuyama,3.61,https://tabelog.com/en/kyoto/A2601/A260301/26002661/
Yakiniku Bun'ya,3.40,https://tabelog.com/en/kyoto/A2601/A260203/26014558/
Tenshin Chashitsu Kyobashi Ten,3.47,https://tabelog.com/en/kyoto/A2601/A260101/26000483/
sushiimajin,3.01,https://tabelog.com/en/kyoto/A2601/A260201/26042340/
Nihonshu to Obanzai no Kyo Sakaba Kensui Nishiki Nishi Nishikoji Ten,3.27,https://tabelog.com/en/kyoto/A2601/A260201/26023009/
Aka Chiri Ya Kyoto Eki Hachijo Guchi,3.05,https://tabelog.com/en/kyoto/A2601/A260101/26035590/
Japanese cuisine Fujii,3.58,https://tabelog.com/en/kyoto/A2601/A260302/26030328/
Kamogawa Takashi,3.60,https://tabelog.com/en/kyoto/A2601/A260302/26021271/
Kyo Horumon Kura Oote Suji Ten,3.14,https://tabelog.com/en/kyoto/A2601/A260601/26016262/
Kyo Youshoku Matsumoto,3.47,https://tabelog.com/en/kyoto/A2601/A260201/26026885/
Kurochiku Manten Sukiyaki Shabushabu,3.01,https://tabelog.com/en/kyoto/A2601/A260201/26041502/
Seafood Sakaba Moai,3.05,https://tabelog.com/en/kyoto/A2601/A260604/26039728/
Dining Cafe & Bar Rondo,3.36,https://tabelog.com/en/kyoto/A2601/A260101/26000606/
FULL MOON Kyoto Kawaramachi,3.20,https://tabelog.com/en/kyoto/A2601/A260201/26040628/
French Bar Do,3.05,https://tabelog.com/en/kyoto/A2601/A260202/26023786/
Yotteko Ya,3.03,https://tabelog.com/en/kyoto/A2607/A260703/26008120/
Gion Ebata,3.20,https://tabelog.com/en/kyoto/A2601/A260201/26035999/
Sushi Iso,3.30,https://tabelog.com/en/kyoto/A2601/A260403/26013108/
rasutoshinriba,-,https://tabelog.com/en/kyoto/A2601/A260201/26041948/
Minato Asaichi Bohatei Fushimi Ten,3.05,https://tabelog.com/en/kyoto/A2601/A260601/26037605/
Izakaya Chiriego,3.01,https://tabelog.com/en/kyoto/A2601/A260202/26041930/
Sumibiyaki Kiseki,3.09,https://tabelog.com/en/kyoto/A2601/A260202/26026497/
kabura,3.25,https://tabelog.com/en/kyoto/A2601/A260201/26040874/
Yakiniku Sho Kakuo Kiyamachi Tei,3.37,https://tabelog.com/en/kyoto/A2601/A260301/26022710/
Katsukai Center Kyoto Gion Honten,3.05,https://tabelog.com/en/kyoto/A2601/A260301/26041924/
Ichizen Meshiya Ribbon,3.45,https://tabelog.com/en/kyoto/A2601/A260503/26002166/
Napule Kyoto Gion Ten,3.32,https://tabelog.com/en/kyoto/A2601/A260301/26040184/
Niku Ryori Kawamori,3.52,https://tabelog.com/en/kyoto/A2601/A260202/26038722/
Teppanyaki Dining Yanagi,-,https://tabelog.com/en/kyoto/A2601/A260201/26041715/
Sekki (Six Senses Kyoto),3.32,https://tabelog.com/en/kyoto/A2601/A260301/26041335/
Arashiyama Unashu,3.23,https://tabelog.com/en/kyoto/A2601/A260403/26040926/
Bellota Muamua Karasuma Sanjo Ten,3.36,https://tabelog.com/en/kyoto/A2601/A260202/26022612/
KINOHACHI Kyoto Ekimae,3.33,https://tabelog.com/en/kyoto/A2601/A260101/26038383/
curd,3.08,https://tabelog.com/en/kyoto/A2601/A260202/26041471/
Kakuyasu Beer to Tetsunabe Gyoza 3 6 5 Sakaba Kyoto Kawaramachi Ten,3.03,https://tabelog.com/en/kyoto/A2601/A260201/26035601/
Sanga Ono Kyoto Jokyoji,3.51,https://tabelog.com/en/kyoto/A2601/A260201/26034782/
IL GHIOTTONE Kyotohonten,3.69,https://tabelog.com/en/kyoto/A2601/A260301/26001006/
Gyukaku Keisen Kaido Ten,3.01,https://tabelog.com/en/kyoto/A2601/A260401/26006402/
Aiyo!! Sanjo Tomikoji Ten,3.21,https://tabelog.com/en/kyoto/A2601/A260202/26032591/
Saryo Kyoto Yoshitsugu,3.22,https://tabelog.com/en/kyoto/A2601/A260201/26040525/
Kushi Katsu Tanaka Sain Ten,3.02,https://tabelog.com/en/kyoto/A2601/A260401/26028697/
Yakiniku Genshu Goshu,3.27,https://tabelog.com/en/kyoto/A2601/A260302/26034961/
Prugna+Cafe,3.20,https://tabelog.com/en/kyoto/A2607/A260704/26027948/
Gion Shishishi,3.53,https://tabelog.com/en/kyoto/A2601/A260201/26038578/
TRATTORIA M KYOTO,3.32,https://tabelog.com/en/kyoto/A2601/A260101/26034373/
Gion Okumura,3.21,https://tabelog.com/en/kyoto/A2601/A260301/26036179/
Cafe Restaurant Le Temps,3.48,https://tabelog.com/en/kyoto/A2601/A260101/26001955/
HOSOKAWA Shimogamohon Ten,3.53,https://tabelog.com/en/kyoto/A2601/A260503/26007141/
Ralph's Coffee Kyoto Bar,3.31,https://tabelog.com/en/kyoto/A2601/A260203/26032693/
Roji to no Moto,3.55,https://tabelog.com/en/kyoto/A2601/A260201/26029760/
Vikingcafe Goloso,3.02,https://tabelog.com/en/kyoto/A2601/A260401/26041392/
Korean Shiki Yakiniku Mayaku Karubi Kyoto Kiyamachi Ten,3.24,https://tabelog.com/en/kyoto/A2601/A260301/26038152/
Sushi to Kushi to Watakushi Sanjo Ohashi Ten,3.35,https://tabelog.com/en/kyoto/A2601/A260301/26038148/
common dininng,3.16,https://tabelog.com/en/kyoto/A2601/A260201/26036986/
Beer Thirty Kyoto Ekimae Ten,3.20,https://tabelog.com/en/kyoto/A2601/A260101/26003080/
BELLOTA concha Tomi Koji Ten,3.49,https://tabelog.com/en/kyoto/A2601/A260201/26019291/
Aburi Shibuya Yamashinaekimaeten,3.18,https://tabelog.com/en/kyoto/A2601/A260603/26025407/
Ryoriya En,3.23,https://tabelog.com/en/kyoto/A2601/A260203/26041024/
Yakiniku Makiryori Karasuma Rock Kyobashi Ten,3.08,https://tabelog.com/en/kyoto/A2601/A260201/26038989/
Shibuya Nagitsuji Honten,3.02,https://tabelog.com/en/kyoto/A2601/A260603/26004900/
KOTO,3.20,https://tabelog.com/en/kyoto/A2601/A260401/26040923/
Boku no Stand,3.44,https://tabelog.com/en/kyoto/A2601/A260203/26036712/
Gyukaku Kyoto R1 Shimotoba Ten,3.02,https://tabelog.com/en/kyoto/A2601/A260601/26026430/
Gyukaku Kyoto Shijo Kawaramachi Ten,3.04,https://tabelog.com/en/kyoto/A2601/A260201/26026075/
Toto Gen Higashi Maizuru Ten,3.42,https://tabelog.com/en/kyoto/A2609/A260902/26033232/
Gion Kani o Kurau,3.01,https://tabelog.com/en/kyoto/A2601/A260301/26040799/
Beyota Mucho Muro Machi Ten,3.40,https://tabelog.com/en/kyoto/A2601/A260201/26018387/
Matoya Kaki Shima Hanto,3.30,https://tabelog.com/en/kyoto/A2601/A260202/26038681/
Kitsune Biyori,3.27,https://tabelog.com/en/kyoto/A2601/A260101/26040679/
Yakiniku Horumon Bungo Sain Ten,3.35,https://tabelog.com/en/kyoto/A2601/A260401/26039646/
Kushi Katsu Tanaka Sanjo Kiyamachi Ten,3.02,https://tabelog.com/en/kyoto/A2601/A260301/26031253/
kajuarukappoutonomizu,3.05,https://tabelog.com/en/kyoto/A2601/A260201/26042308/
Kappou Ichikawa,3.74,https://tabelog.com/en/kyoto/A2601/A260202/26030196/
Kanemitsu,-,https://tabelog.com/en/kyoto/A2601/A260201/26042105/
Sushi to Tempura to Watakushi Kyobashi Ten,3.39,https://tabelog.com/en/kyoto/A2601/A260202/26035798/
Kyomachiya Kamoshabu Kuu,3.37,https://tabelog.com/en/kyoto/A2601/A260604/26031103/
Tanshabu Shinjou,3.06,https://tabelog.com/en/kyoto/A2601/A260301/26021068/
Baniku Ryori Basho,3.05,https://tabelog.com/en/kyoto/A2601/A260201/26038815/
nagatanien,-,https://tabelog.com/en/kyoto/A2601/A260301/26042078/
Sugiura Kyoto Ekimae Ten,3.05,https://tabelog.com/en/kyoto/A2601/A260101/26023287/
Sou,3.53,https://tabelog.com/en/kyoto/A2601/A260202/26006755/
Mushi to Ate Fufuu Kyoto Ekimae Ten,3.33,https://tabelog.com/en/kyoto/A2601/A260101/26039223/
Akemashite Omedetou Gozaimasu,3.54,https://tabelog.com/en/kyoto/A2601/A260202/26040183/
Pontocho Fujita,3.53,https://tabelog.com/en/kyoto/A2601/A260301/26002672/
Chisou Inaseya,3.46,https://tabelog.com/en/kyoto/A2601/A260202/26007390/
Tori Kizoku Shijo Kawaramachi Ten,3.04,https://tabelog.com/en/kyoto/A2601/A260301/26005288/
Motsuichi,3.10,https://tabelog.com/en/kyoto/A2601/A260601/26018919/
Tori Kizoku Imadegawa Ten,3.02,https://tabelog.com/en/kyoto/A2601/A260202/26019049/
Tori Kizoku Demachiyagi Ten,3.02,https://tabelog.com/en/kyoto/A2601/A260302/26023921/
Minmin Shijo Ten,3.17,https://tabelog.com/en/kyoto/A2601/A260201/26036100/
Tori Kizoku Kiyamachidoriten,3.02,https://tabelog.com/en/kyoto/A2601/A260202/26023920/
Tori Kizoku Sanjo Kiyamachi Ten,3.02,https://tabelog.com/en/kyoto/A2601/A260301/26013506/
Tori Kizoku Kitano Shiraume Cho,3.01,https://tabelog.com/en/kyoto/A2601/A260501/26018259/
Tori Kizoku Fushimi Momoyama Ten,3.02,https://tabelog.com/en/kyoto/A2601/A260601/26015123/
Tori Kizoku Fukakusa Ten,3.02,https://tabelog.com/en/kyoto/A2601/A260601/26019310/
Al Vere,3.07,https://tabelog.com/en/kyoto/A2601/A260601/26019130/
NOVECCHIO Encho,3.10,https://tabelog.com/en/kyoto/A2601/A260203/26023142/
Yum cha Bar SinSin,3.24,https://tabelog.com/en/kyoto/A2601/A260201/26018362/
Katei Ryori to Obanzai Tabeyoshi,3.01,https://tabelog.com/en/kyoto/A2601/A260503/26033930/
Cafe Dining Sera,3.32,https://tabelog.com/en/kyoto/A2601/A260403/26035541/
Sakura to Miyako,3.26,https://tabelog.com/en/kyoto/A2601/A260401/26040082/
Kyocafe chacha Arashiyama Ten,3.22,https://tabelog.com/en/kyoto/A2601/A260403/26035278/
Brisa,3.03,https://tabelog.com/en/kyoto/A2601/A260201/26032373/
l'utubo,3.04,https://tabelog.com/en/kyoto/A2601/A260302/26031207/
Izakaya Maruya,3.09,https://tabelog.com/en/kyoto/A2601/A260201/26015048/
Belgian Beer & Ofu Ryori Tokishirazu,3.30,https://tabelog.com/en/kyoto/A2601/A260202/26021929/
Gion Nanba,3.71,https://tabelog.com/en/kyoto/A2601/A260301/26006220/
Shuhari,3.02,https://tabelog.com/en/kyoto/A2601/A260203/26037749/
Oike Suishin Hon Ten,3.18,https://tabelog.com/en/kyoto/A2601/A260202/26002744/
motsunabe rikoh,3.59,https://tabelog.com/en/kyoto/A2601/A260301/26034773/
India Nepalese Himalaya,3.12,https://tabelog.com/en/kyoto/A2601/A260601/26037296/
Sumibi Yakiniku Noburu Sain Ten,3.31,https://tabelog.com/en/kyoto/A2601/A260401/26027124/
Teppachi Chicken,3.08,https://tabelog.com/en/kyoto/A2601/A260202/26039674/
Mekiki no Ginji Ujiminamiguchi Ekimae Ten,3.02,https://tabelog.com/en/kyoto/A2607/A260701/26038346/
Mashita,3.68,https://tabelog.com/en/kyoto/A2601/A260301/26000265/
Ludens,3.70,https://tabelog.com/en/kyoto/A2601/A260202/26029857/
BeerMan,3.04,https://tabelog.com/en/kyoto/A2601/A260201/26030735/
Kin no Primo,3.02,https://tabelog.com/en/kyoto/A2601/A260501/26038210/
Tawaraya Fushimi Momoyama Ten,3.06,https://tabelog.com/en/kyoto/A2601/A260601/26032160/
Kyo Yakiniku Nishiki Senbon Imadegawa Ten,3.08,https://tabelog.com/en/kyoto/A2601/A260501/26033160/
Sushi Sake Sakana Sugitama Saiin,3.16,https://tabelog.com/en/kyoto/A2601/A260401/26036875/
Robata Yutaka,3.04,https://tabelog.com/en/kyoto/A2601/A260603/26032585/
Gion Iwamoto,3.27,https://tabelog.com/en/kyoto/A2601/A260301/26013915/
Shigure Chaya Wabisuke,3.14,https://tabelog.com/en/kyoto/A2601/A260301/26001338/
Hakata Motsu-nabe Ooyama Kyoto Poruta Ten,3.07,https://tabelog.com/en/kyoto/A2601/A260101/26041039/
Motsuni to Shiromeshi Eko,3.31,https://tabelog.com/en/kyoto/A2601/A260401/26041752/
IZAKAYA HIROYA,3.01,https://tabelog.com/en/kyoto/A2601/A260203/26040290/
ku_nel,3.04,https://tabelog.com/en/kyoto/A2608/A260802/26034422/
"Okoshiyasu Oden to Obanzai, Chotto Kamameshi",3.02,https://tabelog.com/en/kyoto/A2601/A260301/26037183/
Yakiniku Kagura Matsui Yamate Ten,3.41,https://tabelog.com/en/kyoto/A2607/A260703/26031705/
Bordeaux,3.30,https://tabelog.com/en/kyoto/A2601/A260503/26001226/
Chisan Shokudo HISAMI,3.42,https://tabelog.com/en/kyoto/A2609/A260903/26016364/
All you can eat and drink Izakaya Rokkaku Sakaba Chabuchabu,3.02,https://tabelog.com/en/kyoto/A2601/A260301/26005675/
Kyoto Yakiniku enen Sentocho Honten,3.46,https://tabelog.com/en/kyoto/A2601/A260201/26034057/
Trattoria La Voce,3.44,https://tabelog.com/en/kyoto/A2601/A260202/26011812/
Uotami Kintetsu Ookubo Eki Mae Ten,3.00,https://tabelog.com/en/kyoto/A2607/A260701/26025472/
Kushi Katsu to Whale dishes Kushi Tatsu,3.07,https://tabelog.com/en/kyoto/A2601/A260403/26035273/
Restaurant Mitocha,3.05,https://tabelog.com/en/kyoto/A2601/A260601/26036039/
Kyoryori Shunmi Shunsai Taichi,3.19,https://tabelog.com/en/kyoto/A2601/A260201/26023940/
Ganga,3.01,https://tabelog.com/en/kyoto/A2601/A260601/26033709/
Sandaya Honten Takaragaike Ten,3.13,https://tabelog.com/en/kyoto/A2601/A260503/26001792/
JOYS TABLE,3.35,https://tabelog.com/en/kyoto/A2601/A260201/26037250/
Shippori Ya,3.13,https://tabelog.com/en/kyoto/A2601/A260203/26022326/
Beer Bar & Bar Lit,3.08,https://tabelog.com/en/kyoto/A2601/A260201/26038875/
JYOTY,3.05,https://tabelog.com/en/kyoto/A2601/A260601/26026095/
Roast Beef no Mise Watanabe,3.57,https://tabelog.com/en/kyoto/A2601/A260503/26035627/
Soba Teuchi Takahashi,3.25,https://tabelog.com/en/kyoto/A2601/A260301/26036163/
Sokkon Fujimoto,3.08,https://tabelog.com/en/kyoto/A2601/A260202/26041209/
Imo Matsu Kita Bekkan,3.01,https://tabelog.com/en/kyoto/A2601/A260301/26038339/
Suppon Nabe Hamo Ryori Sanei,3.28,https://tabelog.com/en/kyoto/A2601/A260201/26002986/
Brasserie VAPEURS Sanjo Shinmachi,3.27,https://tabelog.com/en/kyoto/A2601/A260202/26020876/
Karashi Jukusei Yakiniku Tsutsui,3.31,https://tabelog.com/en/kyoto/A2601/A260202/26037028/
Sushi Kappou Mitsuba,3.01,https://tabelog.com/en/kyoto/A2609/A260903/26041152/
BHAGWATI TAJ MAHAL Mukaizima ten,-,https://tabelog.com/en/kyoto/A2601/A260601/26042167/
Sumibi Yakitori Kakurega Nonbee,3.22,https://tabelog.com/en/kyoto/A2601/A260301/26033572/
Crayon Shokudo,3.29,https://tabelog.com/en/kyoto/A2601/A260401/26040407/
Matsunaga Wagyu Yakiniku Kujou,3.06,https://tabelog.com/en/kyoto/A2601/A260301/26042326/
CLAY POT CURRY OHMIYA,3.33,https://tabelog.com/en/kyoto/A2601/A260201/26039775/
Sushi Ryori Nakata,3.16,https://tabelog.com/en/kyoto/A2601/A260101/26041551/
Teppan Bar Fujimura Shoten,3.03,https://tabelog.com/en/kyoto/A2607/A260703/26023311/
Wasai Taka,3.31,https://tabelog.com/en/kyoto/A2601/A260201/26027330/
Italian Shokudo 910,3.53,https://tabelog.com/en/kyoto/A2601/A260201/26029250/
Baka Musuko,3.22,https://tabelog.com/en/kyoto/A2601/A260301/26041110/
Restaurant YUZIN‐AN,3.01,https://tabelog.com/en/kyoto/A2601/A260401/26040013/
Kyoryori Tankuma Kita Mise Directed by M.Kurisu,3.18,https://tabelog.com/en/kyoto/A2601/A260201/26001891/
orizzonte,3.46,https://tabelog.com/en/kyoto/A2601/A260202/26001498/
Korean Sakura Tei Hon Ten,3.22,https://tabelog.com/en/kyoto/A2601/A260604/26001284/
Kyo Yakiniku Nishiki Yamashina Ten,3.07,https://tabelog.com/en/kyoto/A2601/A260603/26034871/
Souan Cafe,3.09,https://tabelog.com/en/kyoto/A2601/A260302/26024294/
Kyo Yakiniku Nishiki Kumiyama Ten,3.08,https://tabelog.com/en/kyoto/A2607/A260702/26036736/
Chinese Chinmin Gion Ten,3.39,https://tabelog.com/en/kyoto/A2601/A260301/26006394/
Yondai Godaime Nishiki Edogawa Matsuki,3.07,https://tabelog.com/en/kyoto/A2601/A260303/26031142/
ATOLL TERRASSE KAMOGAWA,3.09,https://tabelog.com/en/kyoto/A2601/A260301/26034270/
Masa Katsu,3.19,https://tabelog.com/en/kyoto/A2601/A260501/26014823/
FOUR SEASONS,3.03,https://tabelog.com/en/kyoto/A2607/A260702/26005591/
Honmaguro to Shimagohan Panari Kyoto Kawaramachi Sanjo,3.35,https://tabelog.com/en/kyoto/A2601/A260201/26012699/
Saiin Yakiniku YUU,3.54,https://tabelog.com/en/kyoto/A2601/A260401/26038326/
Anago Ryori Oogane,3.26,https://tabelog.com/en/kyoto/A2601/A260101/26024603/
ajiandaininguandoba,-,https://tabelog.com/en/kyoto/A2601/A260601/26042400/
Chinese Shunsai Ajisai,3.27,https://tabelog.com/en/kyoto/A2607/A260702/26030407/
Oumi Beef Kobe Beef Yakiniku Meat Soul,3.27,https://tabelog.com/en/kyoto/A2601/A260202/26034468/
Umeno Ya,3.06,https://tabelog.com/en/kyoto/A2601/A260301/26022795/
Leon Shokudo 146,3.25,https://tabelog.com/en/kyoto/A2601/A260401/26037150/
Menbo Shijo Ten,3.29,https://tabelog.com/en/kyoto/A2601/A260201/26009338/
Fukakusa Sakaba Nagahama Ya,3.00,https://tabelog.com/en/kyoto/A2601/A260601/26034059/
Zezekan Pocchiri,3.65,https://tabelog.com/en/kyoto/A2601/A260202/26001011/
Gion Bar Home,3.03,https://tabelog.com/en/kyoto/A2601/A260301/26041333/
Asahi,-,https://tabelog.com/en/kyoto/A2607/A260702/26023769/
Takara Do Karasuma,3.24,https://tabelog.com/en/kyoto/A2601/A260201/26028828/
Hot Keya Sain Ten,3.03,https://tabelog.com/en/kyoto/A2601/A260401/26002833/
Sake to Sakana DNA,3.29,https://tabelog.com/en/kyoto/A2601/A260201/26034583/
Uotami Bierataun Keihanna Ten,3.02,https://tabelog.com/en/kyoto/A2607/A260705/26026474/
Sakana to Oyasai no Italian Alberta KARASUMA,3.05,https://tabelog.com/en/kyoto/A2601/A260201/26031918/
Kiraku Sushi Samon,3.08,https://tabelog.com/en/kyoto/A2601/A260501/26038705/
Kani Man,3.17,https://tabelog.com/en/kyoto/A2607/A260704/26013751/
Wamucha Cafe,3.26,https://tabelog.com/en/kyoto/A2607/A260701/26026804/
Log Nishi Ooji Gojo Ten,3.07,https://tabelog.com/en/kyoto/A2601/A260401/26006644/
Aji Kobo Uekawa,3.07,https://tabelog.com/en/kyoto/A2601/A260503/26000388/
Kyo Yakiniku Nishiki Kamikatsura Honten,3.08,https://tabelog.com/en/kyoto/A2601/A260401/26030950/
Oniku to Yasai Hachibe,3.56,https://tabelog.com/en/kyoto/A2601/A260201/26002409/
Warajiya,3.71,https://tabelog.com/en/kyoto/A2601/A260304/26000406/
Toki,3.14,https://tabelog.com/en/kyoto/A2601/A260101/26034627/
Harami de Tenka Tottarude,3.02,https://tabelog.com/en/kyoto/A2607/A260704/26040516/
Obanzai no Mise Kyoto Kotokoto Karasuma Oike Ten,3.26,https://tabelog.com/en/kyoto/A2601/A260202/26030313/
PUBBAR,3.01,https://tabelog.com/en/kyoto/A2601/A260302/26031996/
Hana Tanuki Oike Ten,3.03,https://tabelog.com/en/kyoto/A2601/A260401/26004005/
ALL DAY DINING KAZAHANA,3.30,https://tabelog.com/en/kyoto/A2601/A260203/26007129/
Karasumaoike UI,3.33,https://tabelog.com/en/kyoto/A2601/A260202/26032133/
Kyo Motsu-nabe Hidetora,3.34,https://tabelog.com/en/kyoto/A2601/A260201/26032617/
Ippon Yari,3.08,https://tabelog.com/en/kyoto/A2601/A260601/26003928/
Chinese Hoshigaoka,3.38,https://tabelog.com/en/kyoto/A2601/A260203/26008987/
Yamauchi Nojo Kyoto Chuo Guchi Ekimae Ten,3.02,https://tabelog.com/en/kyoto/A2601/A260101/26020798/
Sumibi Yakiniku Noburu Omiya Ten,3.27,https://tabelog.com/en/kyoto/A2601/A260203/26009369/
Ikariya 365,3.44,https://tabelog.com/en/kyoto/A2601/A260201/26031451/
Takoyaki Kyo no Hana Kyoto Kawaramachi Ten,3.08,https://tabelog.com/en/kyoto/A2601/A260201/26022491/
wabiya,3.18,https://tabelog.com/en/kyoto/A2601/A260201/26039830/
Sakaba Gohan Sumika,3.13,https://tabelog.com/en/kyoto/A2601/A260301/26006520/
Kyo Sushi Ookini,3.21,https://tabelog.com/en/kyoto/A2601/A260401/26012891/
Niku Kappou Futago Za Junei Hoteru Kyoto,3.31,https://tabelog.com/en/kyoto/A2601/A260304/26033983/
HUB Kyotoyodobashiten,3.25,https://tabelog.com/en/kyoto/A2601/A260101/26022924/
Kyo no Jidoriya Aki,3.33,https://tabelog.com/en/kyoto/A2601/A260201/26026770/
Takoyaki Ippin Takowaka Kyoto Fushimi,3.05,https://tabelog.com/en/kyoto/A2601/A260601/26036942/
Wine Do,3.40,https://tabelog.com/en/kyoto/A2601/A260201/26033937/
Japanese cuisine to Nihonshu Satoshi,3.70,https://tabelog.com/en/kyoto/A2601/A260203/26034412/
Nihonshu to Sumibiyaki Fujimaru,3.10,https://tabelog.com/en/kyoto/A2601/A260601/26022199/
Kyomachi Bar,3.07,https://tabelog.com/en/kyoto/A2601/A260601/26025485/
Uji So Kokoro,3.30,https://tabelog.com/en/kyoto/A2607/A260701/26007320/
Sushi Sake Sakana Sugitama Fushimi Momoyama,3.43,https://tabelog.com/en/kyoto/A2601/A260601/26033040/
Shirokiya Kyoto Chuo Guchi Ekimae Ten,3.01,https://tabelog.com/en/kyoto/A2601/A260101/26020799/
GLASS HOPPER,3.13,https://tabelog.com/en/kyoto/A2601/A260401/26028151/
Tiem an HUONG VIET,3.37,https://tabelog.com/en/kyoto/A2601/A260202/26001886/
Kyoryori Mancho,3.27,https://tabelog.com/en/kyoto/A2601/A260402/26000837/
Uotami Nakashojima Kitaguchi Ekimae Ten,3.02,https://tabelog.com/en/kyoto/A2601/A260601/26015072/
shokugaku izakaya numachantoko,3.02,https://tabelog.com/en/kyoto/A2601/A260604/26041928/
Hosho An,3.21,https://tabelog.com/en/kyoto/A2601/A260201/26027255/
Sakedokoro Kyomachi Chaya Fushimi Momoyama Ten,3.15,https://tabelog.com/en/kyoto/A2601/A260601/26027660/
gionK,3.04,https://tabelog.com/en/kyoto/A2601/A260301/26034625/
Kyoryu Shusai Kaigetsu,3.28,https://tabelog.com/en/kyoto/A2601/A260603/26016981/
Bretz Cafe Crepe Lee Kyobashi Ten,3.09,https://tabelog.com/en/kyoto/A2601/A260301/26036647/
Sandaya Honten Shinborikawa Ten,3.04,https://tabelog.com/en/kyoto/A2601/A260601/26033016/
hakubi,3.23,https://tabelog.com/en/kyoto/A2601/A260301/26041995/
Yakiniku Ushino Ie,3.25,https://tabelog.com/en/kyoto/A2607/A260702/26036098/
Horumon Yakiniku Enzo,3.22,https://tabelog.com/en/kyoto/A2607/A260702/26031617/
Kyo no Oheso,3.36,https://tabelog.com/en/kyoto/A2601/A260201/26017136/
Tatsumiya,3.43,https://tabelog.com/en/kyoto/A2607/A260701/26000038/
Hakata Motsu-nabe Yamaya Shijo Karasuma Ten,3.20,https://tabelog.com/en/kyoto/A2601/A260202/26022515/
Kyoto Maruyama Tensho,3.12,https://tabelog.com/en/kyoto/A2601/A260301/26035621/
Roko,3.37,https://tabelog.com/en/kyoto/A2601/A260202/26004266/
WEBER,3.08,https://tabelog.com/en/kyoto/A2601/A260302/26041066/
mimaki,3.25,https://tabelog.com/en/kyoto/A2607/A260701/26029414/
Go-En Kyoto Sanjo Shinmachi,3.02,https://tabelog.com/en/kyoto/A2601/A260202/26030314/
Kiraku,3.13,https://tabelog.com/en/kyoto/A2601/A260401/26013715/
Wagyu Yakiniku Nakayoshi,3.08,https://tabelog.com/en/kyoto/A2601/A260202/26041111/
Kashiwa Kiyamachi Ten,3.23,https://tabelog.com/en/kyoto/A2601/A260301/26019145/
SAINTMARC Kyoto Fushimi Ten,3.08,https://tabelog.com/en/kyoto/A2601/A260601/26001978/
Uotami Fukuchiyama Minamiguchi Ekimae Ten,3.02,https://tabelog.com/en/kyoto/A2608/A260802/26018367/
Ajidokoro Akiyoshi,3.09,https://tabelog.com/en/kyoto/A2601/A260203/26009508/
Bar Cibo,3.10,https://tabelog.com/en/kyoto/A2601/A260302/26029643/
Suruga Bar,3.05,https://tabelog.com/en/kyoto/A2601/A260202/26040282/
Singular,3.18,https://tabelog.com/en/kyoto/A2601/A260203/26035083/
Ajoshi,3.13,https://tabelog.com/en/kyoto/A2601/A260401/26027484/
Kushi Raku Yamashina Ten,3.01,https://tabelog.com/en/kyoto/A2601/A260603/26038863/
SHREE KRISHNA Hakurakuten,3.06,https://tabelog.com/en/kyoto/A2601/A260203/26040770/
Namaste Taj Mahal Mukoji Ichi Ten,3.03,https://tabelog.com/en/kyoto/A2607/A260702/26007419/
Kirari,-,https://tabelog.com/en/kyoto/A2601/A260603/26040471/
Thai Kitchen BARAMEE,3.15,https://tabelog.com/en/kyoto/A2601/A260202/26030959/
Spaghetteria Primavera,3.19,https://tabelog.com/en/kyoto/A2601/A260501/26003058/
Bakery Restaurant Saint Marc Kyoto Kitayamadori Ten,3.05,https://tabelog.com/en/kyoto/A2601/A260303/26003742/
Maison de Vin Uzura Tei,3.63,https://tabelog.com/en/kyoto/A2601/A260201/26003662/
ristorante DONO,3.51,https://tabelog.com/en/kyoto/A2601/A260301/26041065/
Kyoto Yakiniku Nandaimon,3.26,https://tabelog.com/en/kyoto/A2607/A260701/26006650/
Osteria Coccinella,3.30,https://tabelog.com/en/kyoto/A2601/A260201/26020401/
Seafood Bar Uoharu,3.28,https://tabelog.com/en/kyoto/A2601/A260603/26029823/
Chinese Koga,3.16,https://tabelog.com/en/kyoto/A2601/A260503/26038809/
HUB Sanjo Kiyamachi Ten,3.08,https://tabelog.com/en/kyoto/A2601/A260201/26028425/
Paratik Restaurant Kujo Ten,3.06,https://tabelog.com/en/kyoto/A2601/A260604/26019036/
Washoku Shunsai Manma,3.17,https://tabelog.com/en/kyoto/A2607/A260701/26032205/
Yakitori Shin Gojo Shichihonmatsu Ten,3.26,https://tabelog.com/en/kyoto/A2601/A260203/26027901/
Haochi Place Happy Hour,3.12,https://tabelog.com/en/kyoto/A2601/A260401/26035506/
Gion Okuoka,3.35,https://tabelog.com/en/kyoto/A2601/A260301/26015951/
Bachiya Karasuma Imadegawa Ten,3.01,https://tabelog.com/en/kyoto/A2601/A260202/26022730/
Tonkatsu Buta Ryori Juju Sanjo Jingudo Honten,3.40,https://tabelog.com/en/kyoto/A2601/A260301/26037930/
Shabu An Gion Ten,3.05,https://tabelog.com/en/kyoto/A2601/A260301/26040925/
Haraaru,3.05,https://tabelog.com/en/kyoto/A2601/A260601/26041317/
Kyokaiseki Shinya,-,https://tabelog.com/en/kyoto/A2601/A260201/26013309/
Ukiya Hotel Okura Kyoto Ten,3.13,https://tabelog.com/en/kyoto/A2601/A260202/26009306/
Kakure Sakaba Tomoshibi,3.29,https://tabelog.com/en/kyoto/A2601/A260201/26036332/
Yakitori Kizuna,3.03,https://tabelog.com/en/kyoto/A2601/A260401/26016596/
Deai Chaya Osen,3.50,https://tabelog.com/en/kyoto/A2601/A260202/26000688/
NICK STOCK Kyotorisachipakuten,3.08,https://tabelog.com/en/kyoto/A2601/A260203/26026722/
Sushi Sake Sakana Sugitama Kyoto Kawaramachi,3.37,https://tabelog.com/en/kyoto/A2601/A260201/26035585/
Bistro Meru,3.56,https://tabelog.com/en/kyoto/A2601/A260301/26016531/
Yasai Ryori OKI Shijo,3.01,https://tabelog.com/en/kyoto/A2601/A260201/26037908/
Ryoriya Shintani,3.53,https://tabelog.com/en/kyoto/A2601/A260601/26033089/
Baka Bond,3.27,https://tabelog.com/en/kyoto/A2601/A260604/26014077/
,,https://tabelog.com/en/kyoto/A2601/A260604/26002162/
Honmaguro Nihonshu BAR Ginjo Kuraudo Kyoto Ekimae Ten,3.38,https://tabelog.com/en/kyoto/A2601/A260101/26038820/
,,https://tabelog.com/en/kyoto/A2607/A260702/26020356/
bandhido,3.01,https://tabelog.com/en/kyoto/A2608/A260803/26042011/
Gion Kotobukiya,3.13,https://tabelog.com/en/kyoto/A2601/A260301/26019209/
Kushiage to Sakana to Kidoki Yasumi,-,https://tabelog.com/en/kyoto/A2601/A260503/26041650/
Mekiki no Ginji Shintanabe Nishiguchi Ekimae Ten,3.02,https://tabelog.com/en/kyoto/A2607/A260703/26025624/
Cafe Restaurant Lavender,3.07,https://tabelog.com/en/kyoto/A2601/A260201/26033907/
Sake Sakana Tanagokoro,3.15,https://tabelog.com/en/kyoto/A2601/A260201/26022968/
B STORE 1st,3.35,https://tabelog.com/en/kyoto/A2601/A260201/26037929/
Terusan,3.31,https://tabelog.com/en/kyoto/A2601/A260202/26018889/
Steak Shokudo Masayoshi Sain Ten,3.21,https://tabelog.com/en/kyoto/A2601/A260401/26032434/
Tenshin Shuka Kochou,3.08,https://tabelog.com/en/kyoto/A2601/A260401/26040615/
Tsubakuro Suppon Shokudo Kyobashi Ten,3.18,https://tabelog.com/en/kyoto/A2601/A260201/26018520/
Sumibi Kushiyaki Akashi,3.01,https://tabelog.com/en/kyoto/A2609/A260902/26032475/
Yottekoya,3.07,https://tabelog.com/en/kyoto/A2601/A260501/26014803/
Namaste Taj Mahal,3.06,https://tabelog.com/en/kyoto/A2601/A260401/26007420/
Sushi Gohan Banba,3.43,https://tabelog.com/en/kyoto/A2601/A260401/26002209/
WOW WOW TONIGHT,3.24,https://tabelog.com/en/kyoto/A2601/A260201/26035024/
Kyo Yakuzen Natsume,3.05,https://tabelog.com/en/kyoto/A2601/A260202/26039202/
Anzukko,3.27,https://tabelog.com/en/kyoto/A2601/A260202/26002669/
French Shokudo Bistro Nakatani,3.05,https://tabelog.com/en/kyoto/A2601/A260601/26035410/
Tonbo,3.05,https://tabelog.com/en/kyoto/A2607/A260702/26010270/
BONSAI1877,3.30,https://tabelog.com/en/kyoto/A2601/A260202/26041659/
Nihonshu to Obanzai no Kyo Sakaba Mitoki,3.29,https://tabelog.com/en/kyoto/A2601/A260201/26004953/
Togi Ya Karasuma Sanjo Kashikiri Ten,3.05,https://tabelog.com/en/kyoto/A2601/A260202/26025381/
Italian Ryori Shiki ricetta8.7,3.16,https://tabelog.com/en/kyoto/A2601/A260202/26037161/
Shiawase Yokocho,3.10,https://tabelog.com/en/kyoto/A2601/A260401/26019343/
PACK,3.34,https://tabelog.com/en/kyoto/A2601/A260401/26034478/
Haccomachi,3.05,https://tabelog.com/en/kyoto/A2601/A260201/26041866/
Liebeck,3.06,https://tabelog.com/en/kyoto/A2607/A260702/26008333/
Gion Kankan Deli Rei,3.35,https://tabelog.com/en/kyoto/A2601/A260301/26036688/
M Salute31,3.25,https://tabelog.com/en/kyoto/A2601/A260401/26026076/
,,https://tabelog.com/en/kyoto/A2601/A260303/26000995/
Mishino,3.09,https://tabelog.com/en/kyoto/A2601/A260301/26023484/
Saijiki Toshigami,3.09,https://tabelog.com/en/kyoto/A2601/A260301/26025153/
Namara Ya Kyoto Shimogamo,3.19,https://tabelog.com/en/kyoto/A2601/A260302/26002913/
Cafe Amazon Hyakumanben Ten,3.23,https://tabelog.com/en/kyoto/A2601/A260302/26041047/
IL TOBANCHI,3.14,https://tabelog.com/en/kyoto/A2601/A260203/26020487/
Trattoria Annamaria,3.58,https://tabelog.com/en/kyoto/A2601/A260201/26040148/
Spanish La Masa,3.05,https://tabelog.com/en/kyoto/A2601/A260201/26001990/
Uotami Higashi Maizuru Ten,3.01,https://tabelog.com/en/kyoto/A2609/A260902/26025625/
Yanagimachi,3.63,https://tabelog.com/en/kyoto/A2608/A260802/26026220/
FRIGO,3.07,https://tabelog.com/en/kyoto/A2601/A260302/26004708/
Kantaku,3.04,https://tabelog.com/en/kyoto/A2601/A260201/26029143/
Henohenomoheji,3.12,https://tabelog.com/en/kyoto/A2601/A260203/26041373/
Lulson Kiboa,3.21,https://tabelog.com/en/kyoto/A2601/A260503/26008531/
Shunsai Kakou kocorono,3.07,https://tabelog.com/en/kyoto/A2608/A260801/26029995/
Yakiniku Horumon Mansei,3.39,https://tabelog.com/en/kyoto/A2601/A260202/26037132/
Saika Tei,3.45,https://tabelog.com/en/kyoto/A2601/A260101/26004918/
,,https://tabelog.com/en/kyoto/A2601/A260303/26037286/
Boulevard,3.21,https://tabelog.com/en/kyoto/A2601/A260101/26000870/
Cafe Restaurant Lavender,3.04,https://tabelog.com/en/kyoto/A2601/A260203/26033221/
SALAO,3.51,https://tabelog.com/en/kyoto/A2601/A260202/26040755/
Niku to Niwa Matsuo,3.29,https://tabelog.com/en/kyoto/A2601/A260501/26036783/
Uotami Kameoka Minamiguchi Ekimae Ten,3.02,https://tabelog.com/en/kyoto/A2608/A260801/26020946/
BISTRO NAMI,3.34,https://tabelog.com/en/kyoto/A2601/A260201/26037217/
Thai Restaurant GAPAO,3.25,https://tabelog.com/en/kyoto/A2601/A260203/26037190/
Taketori Sakemonogatari Kyoto Chuo Guchi Ekimae Ten,3.02,https://tabelog.com/en/kyoto/A2601/A260101/26020815/
Wine Marche,3.07,https://tabelog.com/en/kyoto/A2601/A260201/26034570/
Barraca,3.45,https://tabelog.com/en/kyoto/A2601/A260202/26027532/
Hana Tanuki Kawaramachi Ten,3.09,https://tabelog.com/en/kyoto/A2601/A260201/26013018/
KIHARU Brasserie,3.38,https://tabelog.com/en/kyoto/A2601/A260301/26031324/
BLUE LEAF CAFE Kyoto,3.16,https://tabelog.com/en/kyoto/A2601/A260201/26031199/
Steak House Takami,3.27,https://tabelog.com/en/kyoto/A2607/A260703/26031376/
Nikuzara Sakaba Hakoya,3.08,https://tabelog.com/en/kyoto/A2601/A260201/26039512/
Mi Mitarashi Dango by kolme kyoto,3.26,https://tabelog.com/en/kyoto/A2601/A260202/26037630/
Oryori Iden,3.08,https://tabelog.com/en/kyoto/A2601/A260201/26003361/
Kuro Zakura Hachijo Guchi Ten,3.18,https://tabelog.com/en/kyoto/A2601/A260101/26039769/
Chisou Aida,3.05,https://tabelog.com/en/kyoto/A2601/A260202/26041306/
Region,3.32,https://tabelog.com/en/kyoto/A2601/A260201/26016598/
kitoroshouten,3.12,https://tabelog.com/en/kyoto/A2601/A260601/26042007/
Kyo no Oshokujidokoro Obanzai to Kushiage Maiki,3.15,https://tabelog.com/en/kyoto/A2601/A260201/26034883/
HUB Shijo Karasuma Ten,3.18,https://tabelog.com/en/kyoto/A2601/A260201/26003690/
Akashi Tamagoyaki no Mise Harmony,3.09,https://tabelog.com/en/kyoto/A2601/A260203/26031952/
Saryo Tesshin,3.67,https://tabelog.com/en/kyoto/A2601/A260202/26041180/
Fuku Yoshi,3.15,https://tabelog.com/en/kyoto/A2601/A260202/26033353/
Pierre Precieuse,3.12,https://tabelog.com/en/kyoto/A2601/A260503/26040927/
REIMS JAPONE,3.33,https://tabelog.com/en/kyoto/A2601/A260202/26034995/
Restaurant DA CIRO,3.61,https://tabelog.com/en/kyoto/A2601/A260301/26038918/
CHIMERA,3.80,https://tabelog.com/en/kyoto/A2601/A260301/26005284/
SOMA,3.31,https://tabelog.com/en/kyoto/A2601/A260301/26040045/
Yadori Sanyoso,3.15,https://tabelog.com/en/kyoto/A2609/A260903/26005082/
Kappou Teppei,3.03,https://tabelog.com/en/kyoto/A2601/A260402/26006927/
Novechio Sain,3.17,https://tabelog.com/en/kyoto/A2601/A260401/26031060/
Oryori Kitayama Hanbee,3.03,https://tabelog.com/en/kyoto/A2601/A260503/26006608/
Mekiki no Ginji Kyoto Chuo Guchi Ekimae Ten,3.04,https://tabelog.com/en/kyoto/A2601/A260101/26038150/
Manmaru no Tsuki Nishiki Ten,3.44,https://tabelog.com/en/kyoto/A2601/A260201/26016828/
Sukiyaki Niku no Hiroshige Takatsuji,3.08,https://tabelog.com/en/kyoto/A2601/A260201/26041007/
Asamade Taishu Sakaba Kokoro,3.05,https://tabelog.com/en/kyoto/A2601/A260401/26039741/
CAFE&GALLERY WAKU,3.02,https://tabelog.com/en/kyoto/A2601/A260203/26034866/
Sushi to Izakaya Uotami Kyoto Chuo Guchi Ekimae Ten,3.04,https://tabelog.com/en/kyoto/A2601/A260101/26034519/
Manjiro,3.40,https://tabelog.com/en/kyoto/A2601/A260301/26006112/
Mimiu Kyoto Isetan Ten,3.26,https://tabelog.com/en/kyoto/A2601/A260101/26002530/
Kyoto Yakitori Seisakujo,3.34,https://tabelog.com/en/kyoto/A2601/A260201/26025122/
KYOTO BISTRO,3.51,https://tabelog.com/en/kyoto/A2601/A260301/26033428/
Gion Kyoryori Hanasaki,3.53,https://tabelog.com/en/kyoto/A2601/A260301/26000246/
PIOPIKO,3.46,https://tabelog.com/en/kyoto/A2601/A260202/26034334/
PIZZERIA ILFICO,3.21,https://tabelog.com/en/kyoto/A2607/A260704/26021723/
Mumon Sanjo Muromachi Ten,3.09,https://tabelog.com/en/kyoto/A2601/A260202/26002569/
Affinage,3.63,https://tabelog.com/en/kyoto/A2601/A260301/26017518/
Tsukemono Dining Ogihiroya,3.02,https://tabelog.com/en/kyoto/A2601/A260203/26040507/
Roast Beef Ohno Shinkyogoku Ten,-,https://tabelog.com/en/kyoto/A2601/A260201/26042456/
Arashiyama Kumahiko Tankuma Kita Ten,3.52,https://tabelog.com/en/kyoto/A2601/A260403/26001010/
OBANZAI & GRILL Sala,3.42,https://tabelog.com/en/kyoto/A2601/A260201/26038228/
Okonomiyaki Okoyama,3.17,https://tabelog.com/en/kyoto/A2601/A260203/26028592/
aiyo Kawaramachiten,3.01,https://tabelog.com/en/kyoto/A2601/A260201/26042410/
Kyoto Modern Terrace,3.54,https://tabelog.com/en/kyoto/A2601/A260301/26026808/
Cafe Neighbors,3.07,https://tabelog.com/en/kyoto/A2601/A260203/26040894/
Bimidokoro Tsukasa,3.10,https://tabelog.com/en/kyoto/A2607/A260701/26032364/
shatoburiankasshi,3.00,https://tabelog.com/en/kyoto/A2601/A260503/26042265/
Nominokoji Yamagishi,3.75,https://tabelog.com/en/kyoto/A2601/A260202/26037932/
salon&bar SAMGHA,3.40,https://tabelog.com/en/kyoto/A2601/A260202/26016849/
Hire Yakiniku Kyoto En,3.20,https://tabelog.com/en/kyoto/A2601/A260301/26039682/
Nijo En,3.22,https://tabelog.com/en/kyoto/A2601/A260203/26032278/
Chuka Hanten,3.05,https://tabelog.com/en/kyoto/A2601/A260401/26041651/
Yakiniku Yamachan,3.79,https://tabelog.com/en/kyoto/A2601/A260201/26035839/
Birichinata,3.56,https://tabelog.com/en/kyoto/A2601/A260503/26028198/
aiyoxtsu Nijo Eki Ten,3.07,https://tabelog.com/en/kyoto/A2601/A260203/26042139/
Teppan Kushiyaki SABRINA,3.25,https://tabelog.com/en/kyoto/A2601/A260101/26038102/
GRILL TERRACE ABURU,3.27,https://tabelog.com/en/kyoto/A2601/A260301/26036164/
Reine des pres,3.74,https://tabelog.com/en/kyoto/A2601/A260302/26021417/
KOSA,3.25,https://tabelog.com/en/kyoto/A2601/A260202/26039878/
Tali House,3.16,https://tabelog.com/en/kyoto/A2601/A260604/26039519/
Teppanyaki SOLA,3.02,https://tabelog.com/en/kyoto/A2601/A260401/26040711/
Samgyeopsal Senmon Ten Butaboshi,3.20,https://tabelog.com/en/kyoto/A2601/A260201/26038579/
Teppan Okonomiyaki Miki,3.11,https://tabelog.com/en/kyoto/A2601/A260101/26013776/
Shoen Tei,3.18,https://tabelog.com/en/kyoto/A2601/A260301/26005187/
Toriimoto Yusan,3.28,https://tabelog.com/en/kyoto/A2601/A260403/26002227/
Gin no To,3.23,https://tabelog.com/en/kyoto/A2601/A260301/26038024/
Yakiniku Yazawa Kyoto,3.71,https://tabelog.com/en/kyoto/A2601/A260201/26028368/
Ajoshi Sanjo Takase Ten,3.05,https://tabelog.com/en/kyoto/A2601/A260301/26035900/
Yuba Ryori Higashiyama Yuzu,3.49,https://tabelog.com/en/kyoto/A2601/A260301/26025738/
yakitorihiroya,3.08,https://tabelog.com/en/kyoto/A2601/A260203/26042043/
MARE,3.37,https://tabelog.com/en/kyoto/A2601/A260301/26031449/
ORTO,4.01,https://tabelog.com/en/kyoto/A2601/A260202/26006883/
Minari Jei A Ru Kyoto Isetan Ten,3.26,https://tabelog.com/en/kyoto/A2601/A260101/26023926/
Toriniku Senmon Ten Nakamura Poultry Kizu Ten,3.04,https://tabelog.com/en/kyoto/A2607/A260705/26038735/
Hana Oogi,3.05,https://tabelog.com/en/kyoto/A2601/A260201/26041716/
ZEN,3.26,https://tabelog.com/en/kyoto/A2607/A260701/26037417/
Kyoshunsai Yusho,3.25,https://tabelog.com/en/kyoto/A2601/A260203/26036743/
STEAK HOUSE Hanamoto,3.12,https://tabelog.com/en/kyoto/A2601/A260301/26039747/
Cafe Manoir,3.33,https://tabelog.com/en/kyoto/A2601/A260401/26015647/
ＰＯＮＴ - ＯＡＫ,3.40,https://tabelog.com/en/kyoto/A2608/A260801/26017791/
mitoho kyoto bettei,3.08,https://tabelog.com/en/kyoto/A2601/A260201/26042295/
yakinikusutaminayama Pontocho,3.01,https://tabelog.com/en/kyoto/A2601/A260301/26042419/
Kyoto Tempura Ten no Meshi Gionhonten,3.13,https://tabelog.com/en/kyoto/A2601/A260301/26041554/
Morihan Kura Cafe,3.34,https://tabelog.com/en/kyoto/A2607/A260701/26037148/
trattoria sette Hyatt Regency Kyoto,3.50,https://tabelog.com/en/kyoto/A2601/A260304/26002939/
Mizu no Miyabi Kyoto Fushimi,3.56,https://tabelog.com/en/kyoto/A2601/A260601/26032752/
GAUCHO,3.12,https://tabelog.com/en/kyoto/A2601/A260301/26039982/
Suehiro,3.27,https://tabelog.com/en/kyoto/A2601/A260201/26000888/
Bar Gion,3.04,https://tabelog.com/en/kyoto/A2601/A260301/26021444/
Sanpei Do,-,https://tabelog.com/en/kyoto/A2607/A260701/26039448/
yakiniku sutamina yama,3.12,https://tabelog.com/en/kyoto/A2601/A260301/26041923/
Kentan Horibe,3.75,https://tabelog.com/en/kyoto/A2601/A260202/26028283/
Bel Amer Kyoto Bettei,3.59,https://tabelog.com/en/kyoto/A2601/A260202/26026207/
Sunahama Dining bar Shape Beach Kyobashi Ten,-,https://tabelog.com/en/kyoto/A2601/A260201/26028433/
Sabou Hanbee,3.59,https://tabelog.com/en/kyoto/A2601/A260301/26001283/
BABY FACE Planet's Ion Taun Yamashina Nurutsuji Ten,3.01,https://tabelog.com/en/kyoto/A2601/A260603/26033490/
Kyoto Gion Kawamura Ryorihei Gion Kitagawa Ten,3.07,https://tabelog.com/en/kyoto/A2601/A260301/26027248/
SAMJHANA,3.27,https://tabelog.com/en/kyoto/A2601/A260303/26012731/
Namaste India,-,https://tabelog.com/en/kyoto/A2601/A260501/26037698/
Oike Cafe × Hachinobo,3.24,https://tabelog.com/en/kyoto/A2601/A260202/26041710/
FUL,3.23,https://tabelog.com/en/kyoto/A2601/A260301/26041630/
Kyo Kushiage to Osake Aiyo!! Shijo Takakura Ten,3.16,https://tabelog.com/en/kyoto/A2601/A260201/26040200/
Diane Kawaramachi Kiyamachi Ten,3.15,https://tabelog.com/en/kyoto/A2601/A260201/26025021/
CURRY DINING SHAHI,3.11,https://tabelog.com/en/kyoto/A2607/A260703/26032353/
Kyoen,3.08,https://tabelog.com/en/kyoto/A2601/A260301/26040841/
Nishijin Hashimoto,3.09,https://tabelog.com/en/kyoto/A2601/A260202/26022073/
Sushi Kawano,3.56,https://tabelog.com/en/kyoto/A2601/A260503/26025254/
Nakamitsu,3.12,https://tabelog.com/en/kyoto/A2601/A260202/26041739/
PANPANI,3.08,https://tabelog.com/en/kyoto/A2601/A260304/26041377/
Sobremesa,3.16,https://tabelog.com/en/kyoto/A2601/A260603/26036257/
Bussarakan,3.41,https://tabelog.com/en/kyoto/A2601/A260301/26002006/
Kyoto Senryo,3.03,https://tabelog.com/en/kyoto/A2601/A260101/26041522/
MR.MAURICE'S ITALIAN,3.52,https://tabelog.com/en/kyoto/A2601/A260202/26034349/
Kaisei Tei Hokusanten,3.36,https://tabelog.com/en/kyoto/A2601/A260503/26004325/
Yakiniku Touzan,3.08,https://tabelog.com/en/kyoto/A2601/A260604/26039956/
Kyo no Kome Ryotei Hachidaime Gihee,3.59,https://tabelog.com/en/kyoto/A2601/A260301/26014418/
Wa Nichi,3.06,https://tabelog.com/en/kyoto/A2601/A260101/26026821/
Bistro Ramaju,3.25,https://tabelog.com/en/kyoto/A2601/A260202/26000955/
Sushi Mori Gaku,3.53,https://tabelog.com/en/kyoto/A2601/A260202/26041124/
Shimogamo Ichima,3.10,https://tabelog.com/en/kyoto/A2601/A260503/26008777/
Etto,3.22,https://tabelog.com/en/kyoto/A2601/A260202/26041705/
Teppan Ate Kamui,3.08,https://tabelog.com/en/kyoto/A2608/A260802/26038723/
Shiki,3.29,https://tabelog.com/en/kyoto/A2601/A260203/26038510/
Kyosakana Fukuya,3.07,https://tabelog.com/en/kyoto/A2601/A260203/26028999/
arancino KYOTO,3.55,https://tabelog.com/en/kyoto/A2601/A260202/26033370/
Indian Nepali Restaurant Kyoto Dining,3.05,https://tabelog.com/en/kyoto/A2601/A260501/26040951/
Delica And Dish Taichiroya,3.05,https://tabelog.com/en/kyoto/A2601/A260401/26018050/
Hokkori Sakaba Nagomiya,3.21,https://tabelog.com/en/kyoto/A2601/A260203/26007976/
Beans cafe .miyama,3.03,https://tabelog.com/en/kyoto/A2608/A260803/26038512/
shiro,3.92,https://tabelog.com/en/kyoto/A2601/A260202/26041485/
Tare Dokoro Jianya,3.05,https://tabelog.com/en/kyoto/A2601/A260202/26039977/
Unagi to Apple Pie Yasaka 1646,3.02,https://tabelog.com/en/kyoto/A2601/A260201/26041230/
Sumiyaki Jidori Shubo Takumi,3.05,https://tabelog.com/en/kyoto/A2601/A260603/26035397/
ilifune,3.03,https://tabelog.com/en/kyoto/A2601/A260202/26026218/
S Vietnamese Ryori,3.08,https://tabelog.com/en/kyoto/A2601/A260202/26039558/
THE TASTE,3.39,https://tabelog.com/en/kyoto/A2601/A260201/26034614/
Sake to Sakana Umaimon Kuukai,3.16,https://tabelog.com/en/kyoto/A2601/A260202/26037668/
Banboo Higashiyama Sanjo Honten,3.31,https://tabelog.com/en/kyoto/A2601/A260301/26000573/
Kimkatsu Kyoto Karasuma Ten,3.18,https://tabelog.com/en/kyoto/A2601/A260201/26000747/
Restaurant Nishijima,3.24,https://tabelog.com/en/kyoto/A2601/A260301/26001263/
Sumibi Kushiyaki Torito Shijo Karasuma Ten,3.28,https://tabelog.com/en/kyoto/A2601/A260201/26026431/
KIZAHASHI,3.64,https://tabelog.com/en/kyoto/A2601/A260101/26031800/
SANJU KITCHEN,3.07,https://tabelog.com/en/kyoto/A2601/A260604/26034359/
Dominique Bouchet Kyoto Le RESTAURANT,3.52,https://tabelog.com/en/kyoto/A2601/A260301/26033296/
XIANG,3.31,https://tabelog.com/en/kyoto/A2607/A260703/26031537/
AKARI,3.03,https://tabelog.com/en/kyoto/A2601/A260202/26012964/
Nishiki Warai Rakusai Ten,3.04,https://tabelog.com/en/kyoto/A2601/A260401/26003728/
Sumi no Kuchi,3.24,https://tabelog.com/en/kyoto/A2601/A260401/26031246/
NIKOLABO,3.22,https://tabelog.com/en/kyoto/A2601/A260201/26030025/
Tanto to Wakura Fushimi Momoyama Ten,3.05,https://tabelog.com/en/kyoto/A2601/A260601/26007594/
Niku Dokoro Oota,3.09,https://tabelog.com/en/kyoto/A2601/A260202/26005313/
Nishiki Warai Matsui Yamate Ten,3.07,https://tabelog.com/en/kyoto/A2607/A260703/26006507/
KYOTO STAR BAR,3.67,https://tabelog.com/en/kyoto/A2601/A260202/26027655/
Yakinikuya Masuichi Sakaimachi Nishiki Ten,3.50,https://tabelog.com/en/kyoto/A2601/A260201/26015976/
Le Cadeau,3.10,https://tabelog.com/en/kyoto/A2601/A260302/26033161/
Sumibi to Sake Shingetsu,3.12,https://tabelog.com/en/kyoto/A2601/A260203/26036913/
Kutsurogi Dining Tegetege,3.10,https://tabelog.com/en/kyoto/A2601/A260601/26034328/
Tomoe Shokudo,3.16,https://tabelog.com/en/kyoto/A2601/A260202/26040450/
Korean Shokudo Iru Goshominami,3.59,https://tabelog.com/en/kyoto/A2601/A260202/26034228/
Mine Tora,3.29,https://tabelog.com/en/kyoto/A2601/A260601/26004593/
NICK STOCK Ionmo-Ru Kyoto Ten,3.09,https://tabelog.com/en/kyoto/A2601/A260101/26027842/
Umemura,3.27,https://tabelog.com/en/kyoto/A2601/A260202/26001170/
MAGOKORO,3.12,https://tabelog.com/en/kyoto/A2601/A260201/26041034/
Toreador,3.18,https://tabelog.com/en/kyoto/A2607/A260703/26029112/
ALIARE,3.27,https://tabelog.com/en/kyoto/A2601/A260203/26027988/
Kushikatsu Rokkakuya,3.27,https://tabelog.com/en/kyoto/A2601/A260603/26027570/
Beijing Ryori Kayu Saikan,3.31,https://tabelog.com/en/kyoto/A2601/A260202/26004875/
Hana Tanuki Kyoto Ekimae Ten,3.08,https://tabelog.com/en/kyoto/A2601/A260101/26015039/
Sumibi Wagyu Isshin,3.14,https://tabelog.com/en/kyoto/A2601/A260601/26018627/
grand-bar,3.16,https://tabelog.com/en/kyoto/A2601/A260202/26004339/
Gion Nakahana,3.07,https://tabelog.com/en/kyoto/A2601/A260301/26026123/
BUONAGIO futuristic teppan style,3.14,https://tabelog.com/en/kyoto/A2601/A260201/26035161/
premier-bar,3.08,https://tabelog.com/en/kyoto/A2601/A260101/26022704/
Kyo Oden Rokkonn Kyoto Karasuma Ten,3.16,https://tabelog.com/en/kyoto/A2601/A260201/26037810/
Higashiyama Garden,3.20,https://tabelog.com/en/kyoto/A2601/A260301/26036299/
Nishiki Warai Kinhonten,3.13,https://tabelog.com/en/kyoto/A2601/A260201/26003343/
Nishiki Warai KisshoIn Ten,3.06,https://tabelog.com/en/kyoto/A2601/A260604/26006275/
DONGURI Yamashina Ten,3.09,https://tabelog.com/en/kyoto/A2601/A260603/26003924/
Sakaki Hon Ten,3.07,https://tabelog.com/en/kyoto/A2601/A260202/26013434/
Tempura Kawatatsu,3.71,https://tabelog.com/en/kyoto/A2601/A260401/26004797/
Sumiyaki Unagi Ozeki,3.26,https://tabelog.com/en/kyoto/A2601/A260501/26014615/
Kyoyasai French Kaiseki Gion Shigenaga,3.14,https://tabelog.com/en/kyoto/A2601/A260301/26033331/
Sumibi Jingisukan Senmonten Bengara,3.30,https://tabelog.com/en/kyoto/A2601/A260603/26007027/
Koraku,3.12,https://tabelog.com/en/kyoto/A2601/A260203/26039611/
CAFE BAW,3.10,https://tabelog.com/en/kyoto/A2601/A260201/26038593/
MAISON TANUKI,3.45,https://tabelog.com/en/kyoto/A2601/A260202/26039265/
Kyoryori Matsusho,3.03,https://tabelog.com/en/kyoto/A2608/A260801/26012833/
Ryukyu Shokudo KUKURU Karasuma Ten,3.25,https://tabelog.com/en/kyoto/A2601/A260201/26040609/
carta.,3.18,https://tabelog.com/en/kyoto/A2601/A260201/26037422/
Steak House Nakahara,3.15,https://tabelog.com/en/kyoto/A2601/A260604/26017478/
Kyoto Ichijoji Monjiya,3.09,https://tabelog.com/en/kyoto/A2601/A260303/26030686/
Tomosei,3.15,https://tabelog.com/en/kyoto/A2601/A260403/26005000/
Koko Yanen Seika Cho Ten,3.04,https://tabelog.com/en/kyoto/A2607/A260705/26025550/
cafe Ichigo Ichie,3.11,https://tabelog.com/en/kyoto/A2601/A260501/26002136/
BAR&IZAKAYA muromatinijyouminoya,3.11,https://tabelog.com/en/kyoto/A2601/A260202/26028991/
Yakiniku Horumon Gyuteru Ryori Aniki,3.23,https://tabelog.com/en/kyoto/A2601/A260203/26023686/
Shunsai Fujii,3.13,https://tabelog.com/en/kyoto/A2601/A260503/26006610/
Sumibi Log,3.13,https://tabelog.com/en/kyoto/A2601/A260202/26023438/
Gyokou Chokusou Seafood Sakaba Anji Fuyachoayanokojiten,3.43,https://tabelog.com/en/kyoto/A2601/A260201/26002870/
Kyo Motsu-nabe Horumon Shushu Kyoto Senchu Ten,3.06,https://tabelog.com/en/kyoto/A2601/A260203/26030267/
Cucina Italiana Todo,3.70,https://tabelog.com/en/kyoto/A2601/A260202/26007432/
Yakiniku Douraku Kyoto Rokkakudori Ten,3.13,https://tabelog.com/en/kyoto/A2601/A260201/26031822/
Daitokuji Sushi Cho,3.09,https://tabelog.com/en/kyoto/A2601/A260503/26030929/
Tsutaya,3.29,https://tabelog.com/en/kyoto/A2601/A260403/26000809/
ortensia,3.53,https://tabelog.com/en/kyoto/A2601/A260302/26033104/
Seabura no Kami slurp,3.57,https://tabelog.com/en/kyoto/A2601/A260202/26035079/
Yakiniku Goen Yawata Ten,3.02,https://tabelog.com/en/kyoto/A2607/A260702/26005334/
sinoa,3.36,https://tabelog.com/en/kyoto/A2601/A260201/26037315/
Ushiya Yohei,3.24,https://tabelog.com/en/kyoto/A2601/A260202/26034251/
Yururi,3.03,https://tabelog.com/en/kyoto/A2607/A260701/26015706/
Sumiyaki Seriu,3.68,https://tabelog.com/en/kyoto/A2601/A260201/26029032/
BAR-CERVECERIA xativa,3.18,https://tabelog.com/en/kyoto/A2601/A260202/26020407/
Gion Tanimoto,3.21,https://tabelog.com/en/kyoto/A2601/A260301/26000249/
Koko Yanen Yamashinaekimaeten,3.02,https://tabelog.com/en/kyoto/A2601/A260603/26003065/
Ryuugetsu An,3.19,https://tabelog.com/en/kyoto/A2601/A260302/26028831/
Dan's Kitchen,3.12,https://tabelog.com/en/kyoto/A2601/A260201/26039526/
Italian Shokudo Garoppare,3.38,https://tabelog.com/en/kyoto/A2601/A260503/26026831/
Ajikura Fukuchiyama Honten,3.15,https://tabelog.com/en/kyoto/A2608/A260802/26001989/
Teppan Dining L’ajitto,3.26,https://tabelog.com/en/kyoto/A2601/A260203/26028090/
Button,3.09,https://tabelog.com/en/kyoto/A2601/A260302/26024012/
Wara Ya,3.06,https://tabelog.com/en/kyoto/A2601/A260401/26007319/
Le Blanc,3.11,https://tabelog.com/en/kyoto/A2601/A260604/26006438/
Kyoto Sumibi Kushiyaki Tsujiya Shijo Miyukicho Ten,3.33,https://tabelog.com/en/kyoto/A2601/A260201/26020272/
Hawaiian Cafe Mahou no Pancake Kizugawa Ten,3.06,https://tabelog.com/en/kyoto/A2607/A260705/26035803/
LA RISOTTERIA,3.23,https://tabelog.com/en/kyoto/A2601/A260201/26040317/
Brisket RONY,3.32,https://tabelog.com/en/kyoto/A2601/A260201/26032844/
La Boucle,3.07,https://tabelog.com/en/kyoto/A2601/A260202/26028195/
